nct_id,indication,stage
ACTRN12619001265167,"Lung Cancer","Stage IV"
ACTRN12619001265167,"Non-small Cell Lung Cancer","Stage IV"
ACTRN12619001265167,"Solid Tumors","Stage IV"
ChiCTR2200060250,"Breast Cancer","Stage II"
ChiCTR2200060250,"Breast Cancer","Stage III"
ChiCTR2200062770,"Colorectal Cancer","Stage IV"
ChiCTR2200063838,"Biliary Tract Cancer","Stage IV"
ChiCTR2200063838,"Bladder Cancer","Stage IV"
ChiCTR2200063838,"Gallbladder Cancer","Stage IV"
ChiCTR2200063838,"Genitourinary Cancer","Stage IV"
ChiCTR2200065807,"Biliary Tract Cancer","Stage IV"
ChiCTR2300067600,"Breast Cancer","Stage IV"
ChiCTR2300069410,"Bladder Cancer","Stage IV"
ChiCTR2300069410,"Genitourinary Cancer","Stage IV"
CTRI/2019/08/020544,"Breast Cancer","Stage IV"
CTRI/2022/02/040116,"Lung Cancer","Stage III"
CTRI/2022/02/040116,"Lung Cancer","Stage IV"
CTRI/2022/02/040116,"Non-small Cell Lung Cancer","Stage III"
CTRI/2022/02/040116,"Non-small Cell Lung Cancer","Stage IV"
CTRI/2023/05/052218,"Liver Cancer","Stage IV"
CTRI/2023/05/052218,"Lung Cancer","Stage IV"
CTRI/2023/05/052218,"Non-small Cell Lung Cancer","Stage IV"
EUCTR2013-003252-20-BE,"Bladder Cancer","Stage IV"
EUCTR2013-003252-20-BE,"Breast Cancer","Stage IV"
EUCTR2013-003252-20-BE,"Genitourinary Cancer","Stage IV"
EUCTR2013-003252-20-BE,"Triple-Negative Breast Cancer","Stage IV"
EUCTR2014-000793-19-ES,"Breast Cancer","Stage IV"
EUCTR2014-000808-10-SE,"Breast Cancer","Stage IV"
EUCTR2014-005341-44-AT,"Solid Tumors","Stage IV"
EUCTR2019-002181-12-IT,"Breast Cancer","Stage IV"
EUCTR2019-002181-12-IT,"Solid Tumors","Stage IV"
JPRN-jRCT2011210017,"Head and Neck Cancer","Stage IV"
JPRN-jRCT2031200186,"Head and Neck Cancer","Stage IV"
JPRN-jRCT2031200186,"Lung Cancer","Stage IV"
JPRN-jRCT2031200186,"Non-small Cell Lung Cancer","Stage IV"
JPRN-jRCT2031220404,"Colorectal Cancer","Stage IV"
JPRN-jRCT2031220404,"Endometrial Cancer","Stage IV"
JPRN-jRCT2031220404,"Fallopian tube Cancer","Stage IV"
JPRN-jRCT2031220404,"Gastric Cancer","Stage IV"
JPRN-jRCT2031220404,"Gastrointestinal Cancer","Stage IV"
JPRN-jRCT2031220404,"Ovarian Cancer","Stage IV"
JPRN-jRCT2031220404,"Peritoneal Cancer","Stage IV"
JPRN-jRCT2031220404,"Prostate Cancer","Stage IV"
JPRN-jRCT2031220404,"Solid Tumors","Stage IV"
JPRN-jRCT2031220414,"Solid Tumors","Stage IV"
JPRN-jRCTs031210410,"Brain Cancer","Stage IV"
JPRN-jRCTs031210410,"Breast Cancer","Stage IV"
NCT00781612,"Solid Tumors","Stage IV"
NCT01042379,"Breast Cancer","Stage II"
NCT01042379,"Breast Cancer","Stage III"
NCT01042379,"Breast Cancer","Stage IV"
NCT01042379,"Triple-Negative Breast Cancer","Stage II"
NCT01042379,"Triple-Negative Breast Cancer","Stage III"
NCT01042379,"Triple-Negative Breast Cancer","Stage IV"
NCT01494662,"Breast Cancer","Stage IV"
NCT01565200,"Breast Cancer","Stage IV"
NCT01745965,"Breast Cancer","Stage IV"
NCT01772472,"Breast Cancer","Stage II"
NCT01772472,"Breast Cancer","Stage III"
NCT01853748,"Breast Cancer","Stage I"
NCT01853748,"Breast Cancer","Stage II"
NCT01853748,"Breast Cancer","Stage III"
NCT01853748,"Breast Cancer","Stage IV"
NCT02099058,"Non-small Cell Lung Cancer","Stage IV"
NCT02099058,"Solid Tumors","Stage IV"
NCT02152995,"Thyroid Cancer","Stage IV"
NCT02187848,"Biliary Tract Cancer","Stage IV"
NCT02187848,"Bladder Cancer","Stage IV"
NCT02187848,"Colorectal Cancer","Stage IV"
NCT02187848,"Endometrial Cancer","Stage IV"
NCT02187848,"Gastric Cancer","Stage IV"
NCT02187848,"Non-small Cell Lung Cancer","Stage IV"
NCT02187848,"Ovarian Cancer","Stage IV"
NCT02187848,"Pancreatic Cancer","Stage IV"
NCT02187848,"Small Cell Lung Cancer","Stage IV"
NCT02187848,"Solid Tumors","Stage IV"
NCT02226276,"Breast Cancer","Stage IV"
NCT02326974,"Breast Cancer","Early Stage"
NCT02326974,"Breast Cancer","Stage II"
NCT02326974,"Breast Cancer","Stage III"
NCT02326974,"Breast Cancer","Stage IV"
NCT02390427,"Breast Cancer","Stage IV"
NCT02393690,"Thyroid Cancer","Stage IV"
NCT02448420,"Breast Cancer","Stage IV"
NCT02564900,"Breast Cancer","Stage IV"
NCT02564900,"Gastric Cancer","Stage IV"
NCT02564900,"Gastroesophageal Junction","Stage IV"
NCT02564900,"Solid Tumors","Stage IV"
NCT02568839,"Breast Cancer","Stage IV"
NCT02675829,"Bladder Cancer","Stage III"
NCT02675829,"Bladder Cancer","Stage IV"
NCT02980341,"Breast Cancer","Stage IV"
NCT02980341,"Triple-Negative Breast Cancer","Stage IV"
NCT02996825,"Triple-Negative Breast Cancer","Stage IV"
NCT03032107,"Breast Cancer","Stage IV"
NCT03052634,"Breast Cancer","Stage IV"
NCT03126916,Neuroblastoma,"Stage IV"
NCT03219333,"Bladder Cancer","Stage III"
NCT03219333,"Bladder Cancer","Stage IV"
NCT03219333,"Genitourinary Cancer","Stage IV"
NCT03248492,"Breast Cancer","Stage IV"
NCT03260491,"Lung Cancer","Stage IV"
NCT03260491,"Non-small Cell Lung Cancer","Stage IV"
NCT03264547,"Breast Cancer","Stage IV"
NCT03288545,"Bladder Cancer","Stage III"
NCT03288545,"Bladder Cancer","Stage IV"
NCT03288545,"Genitourinary Cancer","Stage IV"
NCT03310957,"Breast Cancer","Stage III"
NCT03310957,"Breast Cancer","Stage IV"
NCT03310957,"Triple-Negative Breast Cancer","Stage IV"
NCT03316638,"Solid Tumors","Stage IV"
NCT03319628,"Non-small Cell Lung Cancer","Stage IV"
NCT03319628,"Ovarian Cancer","Stage IV"
NCT03319628,"Solid Tumors","Stage IV"
NCT03334617,"Lung Cancer","Stage IV"
NCT03334617,"Non-small Cell Lung Cancer","Stage IV"
NCT03337698,"Non-small Cell Lung Cancer","Stage I"
NCT03337698,"Non-small Cell Lung Cancer","Stage II"
NCT03337698,"Non-small Cell Lung Cancer","Stage III"
NCT03337698,"Non-small Cell Lung Cancer","Stage IV"
NCT03379428,"Breast Cancer","Stage IV"
NCT03383692,"Solid Tumors","Stage IV"
NCT03401385,"Bladder Cancer","Stage IV"
NCT03401385,"Breast Cancer","Stage IV"
NCT03401385,"Cervical Cancer","Stage IV"
NCT03401385,"Colorectal Cancer","Stage IV"
NCT03401385,"Endometrial Cancer","Stage IV"
NCT03401385,"Esophageal Cancer","Stage IV"
NCT03401385,"Gastric Cancer","Stage IV"
NCT03401385,"Gastroesophageal Junction","Stage IV"
NCT03401385,"Head and Neck Cancer","Stage IV"
NCT03401385,"Non-small Cell Lung Cancer","Stage IV"
NCT03401385,"Ovarian Cancer","Stage IV"
NCT03401385,"Pancreatic Cancer","Stage IV"
NCT03401385,"Prostate Cancer","Stage IV"
NCT03401385,"Small Cell Lung Cancer","Extensive Stage"
NCT03401385,"Small Cell Lung Cancer","Stage IV"
NCT03401385,"Solid Tumors","Stage IV"
NCT03401385,"Triple-Negative Breast Cancer","Stage IV"
NCT03424005,"Breast Cancer","Stage IV"
NCT03424005,"Triple-Negative Breast Cancer","Stage IV"
NCT03425279,"Ewing Sarcoma","Stage IV"
NCT03425279,Leiomyosarcoma,"Stage III"
NCT03425279,Leiomyosarcoma,"Stage IV"
NCT03425279,Liposarcoma,"Stage IV"
NCT03425279,Melanoma,"Stage III"
NCT03425279,Melanoma,"Stage IV"
NCT03425279,"Non-small Cell Lung Cancer","Stage III"
NCT03425279,"Non-small Cell Lung Cancer","Stage IV"
NCT03425279,Osteosarcoma,"Stage III"
NCT03425279,Osteosarcoma,"Stage IV"
NCT03425279,"Soft Tissue Sarcoma","Stage III"
NCT03425279,"Soft Tissue Sarcoma","Stage IV"
NCT03425279,"Solid Tumors","Stage III"
NCT03425279,"Solid Tumors","Stage IV"
NCT03425279,"Synovial Sarcoma","Stage IV"
NCT03474107,"Bladder Cancer","Stage III"
NCT03474107,"Bladder Cancer","Stage IV"
NCT03485209,"Colorectal Cancer","Stage IV"
NCT03485209,"Head and Neck Cancer","Stage IV"
NCT03485209,"Lung Cancer","Stage IV"
NCT03485209,"Non-small Cell Lung Cancer","Stage IV"
NCT03485209,"Pancreatic Cancer","Stage IV"
NCT03485209,"Solid Tumors","Stage IV"
NCT03485209,"Squamous Cell Carcinoma","Stage IV"
NCT03500380,"Breast Cancer","Stage IV"
NCT03504488,"Breast Cancer","Stage IV"
NCT03504488,"Head and Neck Cancer","Stage IV"
NCT03504488,"Lung Cancer","Stage IV"
NCT03504488,Melanoma,"Stage IV"
NCT03504488,"Non-small Cell Lung Cancer","Stage IV"
NCT03504488,"Soft Tissue Sarcoma","Stage IV"
NCT03504488,"Solid Tumors","Stage IV"
NCT03504488,"Triple-Negative Breast Cancer","Stage IV"
NCT03505710,"Non-small Cell Lung Cancer","Stage IV"
NCT03523572,"Bladder Cancer","Stage IV"
NCT03523572,"Breast Cancer","Stage IV"
NCT03523585,"Breast Cancer","Stage IV"
NCT03529110,"Breast Cancer","Stage IV"
NCT03539536,"Non-small Cell Lung Cancer","Stage I"
NCT03539536,"Non-small Cell Lung Cancer","Stage II"
NCT03539536,"Non-small Cell Lung Cancer","Stage III"
NCT03539536,"Non-small Cell Lung Cancer","Stage IV"
NCT03543813,"Esophageal Cancer","Stage IV"
NCT03543813,"Head and Neck Cancer","Stage IV"
NCT03543813,"Non-small Cell Lung Cancer","Stage IV"
NCT03543813,"Solid Tumors","Stage IV"
NCT03547973,"Bladder Cancer","Stage IV"
NCT03552471,"Endometrial Cancer","Stage IV"
NCT03552471,"Fallopian tube Cancer","Stage IV"
NCT03552471,"Ovarian Cancer","Stage IV"
NCT03552471,"Peritoneal Cancer","Stage IV"
NCT03552471,"Solid Tumors","Stage IV"
NCT03587740,"Breast Cancer","Stage I"
NCT03587740,"Breast Cancer","Stage II"
NCT03587740,"Breast Cancer","Stage III"
NCT03595059,"Breast Cancer","Stage IV"
NCT03595059,"Lung Cancer","Stage IV"
NCT03595059,"Non-small Cell Lung Cancer","Stage IV"
NCT03595059,"Small Cell Lung Cancer","Stage IV"
NCT03709082,"Breast Cancer","Stage IV"
NCT03725761,"Prostate Cancer","Stage IV"
NCT03726879,"Breast Cancer","Early Stage"
NCT03726879,"Breast Cancer","Stage II"
NCT03726879,"Breast Cancer","Stage III"
NCT03734029,"Breast Cancer","Stage IV"
NCT03742102,"Breast Cancer","Stage IV"
NCT03742102,"Triple-Negative Breast Cancer","Stage IV"
NCT03755141,"Breast Cancer","Stage IV"
NCT03786081,"Cervical Cancer","Stage IV"
NCT03809013,"Bladder Cancer","Stage IV"
NCT03809624,"Bladder Cancer","Stage IV"
NCT03809624,"Esophageal Cancer","Stage IV"
NCT03809624,"Gastric Cancer","Stage IV"
NCT03809624,"Gastroesophageal Junction","Stage IV"
NCT03809624,"Genitourinary Cancer","Stage IV"
NCT03809624,"Head and Neck Cancer","Stage IV"
NCT03809624,"Lung Cancer","Stage IV"
NCT03809624,Melanoma,"Stage IV"
NCT03809624,"Nasopharyngeal Carcinoma","Stage IV"
NCT03809624,"Non-small Cell Lung Cancer","Stage IV"
NCT03809624,"Renal Cell Carcinoma","Stage IV"
NCT03809624,"Solid Tumors","Stage IV"
NCT03816358,"Pancreatic Cancer","Stage II"
NCT03816358,"Pancreatic Cancer","Stage III"
NCT03816358,"Pancreatic Cancer","Stage IV"
NCT03820063,"Breast Cancer","Stage II"
NCT03820063,"Breast Cancer","Stage III"
NCT03835819,"Endometrial Cancer","Stage II"
NCT03859752,"Solid Tumors","Stage IV"
NCT03869190,"Bladder Cancer","Stage IV"
NCT03878524,"Breast Cancer","Stage III"
NCT03878524,"Breast Cancer","Stage IV"
NCT03878524,"Pancreatic Cancer","Stage III"
NCT03878524,"Pancreatic Cancer","Stage IV"
NCT03878524,"Prostate Cancer","Stage III"
NCT03878524,"Prostate Cancer","Stage IV"
NCT03878524,"Solid Tumors","Stage III"
NCT03878524,"Solid Tumors","Stage IV"
NCT03901339,"Breast Cancer","Stage IV"
NCT03924895,"Bladder Cancer","Stage II"
NCT03924895,"Bladder Cancer","Stage III"
NCT03944499,"Breast Cancer","Stage IV"
NCT03944499,"Solid Tumors","Stage IV"
NCT03944772,"Non-small Cell Lung Cancer","Stage IV"
NCT03944772,"Small Cell Lung Cancer","Stage IV"
NCT03964727,"Endometrial Cancer","Stage IV"
NCT03964727,"Head and Neck Cancer","Stage IV"
NCT03964727,"Non-small Cell Lung Cancer","Stage IV"
NCT03964727,"Small Cell Lung Cancer","Extensive Stage"
NCT03964727,"Small Cell Lung Cancer","Stage IV"
NCT03964727,"Solid Tumors","Stage IV"
NCT03971409,"Breast Cancer","Stage III"
NCT03971409,"Breast Cancer","Stage IV"
NCT03971409,"Triple-Negative Breast Cancer","Stage III"
NCT03971409,"Triple-Negative Breast Cancer","Stage IV"
NCT03975647,"Breast Cancer","Stage IV"
NCT03995706,"Breast Cancer","Stage IV"
NCT03995706,Glioblastoma,"Stage IV"
NCT04014075,"Gastric Cancer","Stage IV"
NCT04014075,"Gastroesophageal Junction","Stage IV"
NCT04015778,"Lung Cancer","Early Stage"
NCT04015778,"Lung Cancer","Stage IV"
NCT04015778,"Non-small Cell Lung Cancer","Early Stage"
NCT04015778,"Non-small Cell Lung Cancer","Stage I"
NCT04015778,"Non-small Cell Lung Cancer","Stage II"
NCT04015778,"Non-small Cell Lung Cancer","Stage III"
NCT04015778,"Non-small Cell Lung Cancer","Stage IV"
NCT04032704,"Esophageal Cancer","Stage IV"
NCT04032704,"Gastric Cancer","Stage IV"
NCT04032704,"Gastroesophageal Junction","Stage IV"
NCT04032704,"Head and Neck Cancer","Stage IV"
NCT04032704,Melanoma,"Stage IV"
NCT04032704,"Non-small Cell Lung Cancer","Early Stage"
NCT04032704,"Non-small Cell Lung Cancer","Stage IV"
NCT04032704,"Prostate Cancer","Stage IV"
NCT04032704,"Small Cell Lung Cancer","Extensive Stage"
NCT04032704,"Small Cell Lung Cancer","Stage IV"
NCT04032704,"Solid Tumors","Stage IV"
NCT04039230,"Breast Cancer","Stage IV"
NCT04042701,"Breast Cancer","Stage IV"
NCT04042701,"Lung Cancer","Stage IV"
NCT04042701,"Non-small Cell Lung Cancer","Stage IV"
NCT04064359,"Solid Tumors","Stage IV"
NCT04073602,"Bladder Cancer","Stage IV"
NCT04132960,"Breast Cancer","Stage IV"
NCT04145622,"Bladder Cancer","Stage IV"
NCT04145622,"Breast Cancer","Stage IV"
NCT04145622,"Esophageal Cancer","Stage IV"
NCT04145622,Melanoma,"Stage IV"
NCT04145622,"Non-small Cell Lung Cancer","Stage IV"
NCT04145622,"Prostate Cancer","Stage IV"
NCT04145622,"Small Cell Lung Cancer","Stage IV"
NCT04145622,"Solid Tumors","Stage IV"
NCT04146610,"Solid Tumors","Stage IV"
NCT04152499,"Bladder Cancer","Stage IV"
NCT04152499,"Breast Cancer","Stage IV"
NCT04152499,"Endometrial Cancer","Stage IV"
NCT04152499,"Gastric Cancer","Stage IV"
NCT04152499,"Head and Neck Cancer","Stage IV"
NCT04152499,"Non-small Cell Lung Cancer","Stage IV"
NCT04152499,"Ovarian Cancer","Stage IV"
NCT04152499,"Pancreatic Cancer","Stage IV"
NCT04152499,"Small Cell Lung Cancer","Extensive Stage"
NCT04152499,"Small Cell Lung Cancer","Stage IV"
NCT04152499,"Solid Tumors","Stage IV"
NCT04152499,"Triple-Negative Breast Cancer","Stage IV"
NCT04154956,"Lung Cancer","Stage IV"
NCT04154956,"Non-small Cell Lung Cancer","Stage IV"
NCT04158947,"Breast Cancer","Stage IV"
NCT04175847,"Gastric Cancer","Stage IV"
NCT04175847,Mesothelioma,"Stage IV"
NCT04175847,"Non-small Cell Lung Cancer","Stage IV"
NCT04175847,"Ovarian Cancer","Stage IV"
NCT04175847,"Pancreatic Cancer","Stage IV"
NCT04175847,"Solid Tumors","Stage IV"
NCT04175847,"Triple-Negative Breast Cancer","Stage IV"
NCT04185649,"Breast Cancer","Stage IV"
NCT04197687,"Breast Cancer","Stage II"
NCT04197687,"Breast Cancer","Stage III"
NCT04223856,"Bladder Cancer","Stage IV"
NCT04225117,"Breast Cancer","Stage IV"
NCT04225117,"Esophageal Cancer","Stage IV"
NCT04225117,"Gastric Cancer","Stage IV"
NCT04225117,"Gastroesophageal Junction","Stage IV"
NCT04225117,"Head and Neck Cancer","Stage IV"
NCT04225117,"Non-small Cell Lung Cancer","Stage IV"
NCT04225117,"Solid Tumors","Stage IV"
NCT04225117,"Triple-Negative Breast Cancer","Stage IV"
NCT04230109,"Triple-Negative Breast Cancer","Stage IV"
NCT04251416,"Endometrial Cancer","Stage I"
NCT04251416,"Endometrial Cancer","Stage II"
NCT04251416,"Endometrial Cancer","Stage III"
NCT04251416,"Endometrial Cancer","Stage IV"
NCT04254107,"Gastric Cancer","Stage IV"
NCT04254107,"Head and Neck Cancer","Stage IV"
NCT04254107,Melanoma,"Stage IV"
NCT04254107,"Non-small Cell Lung Cancer","Stage IV"
NCT04254107,"Solid Tumors","Stage IV"
NCT04254107,"Triple-Negative Breast Cancer","Stage IV"
NCT04255056,"Breast Cancer","Stage IV"
NCT04257110,"Breast Cancer","Stage IV"
NCT04257110,"Gastric Cancer","Stage IV"
NCT04257110,"Gastroesophageal Junction","Stage IV"
NCT04257110,"Solid Tumors","Stage IV"
NCT04261413,"Lung Cancer","Stage IV"
NCT04261413,"Non-small Cell Lung Cancer","Stage III"
NCT04261413,"Non-small Cell Lung Cancer","Stage IV"
NCT04264936,"Bladder Cancer","Stage IV"
NCT04266249,"Breast Cancer","Stage II"
NCT04266249,"Breast Cancer","Stage III"
NCT04266249,"Breast Cancer","Stage IV"
NCT04266249,"Cervical Cancer","Stage II"
NCT04266249,"Cervical Cancer","Stage III"
NCT04266249,"Cervical Cancer","Stage IV"
NCT04266249,"Squamous Cell Carcinoma","Stage II"
NCT04266249,"Squamous Cell Carcinoma","Stage III"
NCT04266249,"Squamous Cell Carcinoma","Stage IV"
NCT04266249,"Thyroid Cancer","Stage II"
NCT04266249,"Thyroid Cancer","Stage III"
NCT04266249,"Thyroid Cancer","Stage IV"
NCT04280341,"Solid Tumors","Stage IV"
NCT04294628,"Breast Cancer","Stage IV"
NCT04294628,"Gastric Cancer","Stage IV"
NCT04294628,"Solid Tumors","Stage IV"
NCT04300556,"Breast Cancer","Stage IV"
NCT04300556,"Endometrial Cancer","Stage IV"
NCT04300556,"Fallopian tube Cancer","Stage IV"
NCT04300556,"Non-small Cell Lung Cancer","Stage IV"
NCT04300556,"Ovarian Cancer","Stage IV"
NCT04300556,"Peritoneal Cancer","Stage IV"
NCT04300556,"Solid Tumors","Stage IV"
NCT04300556,"Triple-Negative Breast Cancer","Stage IV"
NCT04301375,"Breast Cancer","Stage IV"
NCT04305795,"Cutaneous Squamous Cell Carcinoma","Stage IV"
NCT04305795,"Head and Neck Cancer","Stage IV"
NCT04305795,"Solid Tumors","Stage IV"
NCT04305795,"Squamous Cell Carcinoma","Stage IV"
NCT04311034,"Non-small Cell Lung Cancer","Stage III"
NCT04311034,"Non-small Cell Lung Cancer","Stage IV"
NCT04329429,"Biliary Tract Cancer","Stage IV"
NCT04329429,"Gallbladder Cancer","Stage IV"
NCT04329429,"Hepatocellular Carcinoma","Stage IV"
NCT04341181,"Ovarian Cancer","Stage IV"
NCT04341181,"Prostate Cancer","Stage IV"
NCT04341181,"Solid Tumors","Stage IV"
NCT04379596,"Esophageal Cancer","Stage IV"
NCT04379596,"Gastric Cancer","Stage IV"
NCT04379596,"Gastroesophageal Junction","Stage IV"
NCT04379596,"Gastrointestinal Cancer","Stage IV"
NCT04379596,"Solid Tumors","Stage IV"
NCT04381832,"Prostate Cancer","Stage I"
NCT04381832,"Prostate Cancer","Stage II"
NCT04381832,"Prostate Cancer","Stage III"
NCT04381832,"Prostate Cancer","Stage IV"
NCT04389632,"Bladder Cancer","Stage IV"
NCT04389632,"Breast Cancer","Stage IV"
NCT04389632,"Cervical Cancer","Stage IV"
NCT04389632,"Cutaneous Squamous Cell Carcinoma","Stage IV"
NCT04389632,"Esophageal Cancer","Stage IV"
NCT04389632,"Gastric Cancer","Stage IV"
NCT04389632,"Gastroesophageal Junction","Stage IV"
NCT04389632,"Head and Neck Cancer","Stage IV"
NCT04389632,"Lung Cancer","Stage IV"
NCT04389632,"Non-small Cell Lung Cancer","Stage IV"
NCT04389632,"Ovarian Cancer","Stage IV"
NCT04389632,"Pancreatic Cancer","Stage IV"
NCT04389632,"Solid Tumors","Stage IV"
NCT04389632,"Uterine Cancer","Stage IV"
NCT04394624,"Non-small Cell Lung Cancer","Stage IV"
NCT04394624,"Small Cell Lung Cancer","Stage IV"
NCT04396340,"Lung Cancer","Stage III"
NCT04396340,"Lung Cancer","Stage IV"
NCT04396340,"Non-small Cell Lung Cancer","Stage III"
NCT04396340,"Non-small Cell Lung Cancer","Stage IV"
NCT04396340,"Ovarian Cancer","Stage III"
NCT04396340,"Ovarian Cancer","Stage IV"
NCT04396340,"Peritoneal Cancer","Stage IV"
NCT04396340,"Solid Tumors","Stage III"
NCT04396340,"Solid Tumors","Stage IV"
NCT04398914,"Breast Cancer","Stage II"
NCT04398914,"Breast Cancer","Stage III"
NCT04400695,"Breast Cancer","Stage IV"
NCT04410224,"Breast Cancer","Stage IV"
NCT04410224,"Colorectal Cancer","Stage IV"
NCT04410224,"Lung Cancer","Stage IV"
NCT04410224,"Non-small Cell Lung Cancer","Stage IV"
NCT04410224,"Ovarian Cancer","Stage IV"
NCT04410224,"Renal Cell Carcinoma","Stage IV"
NCT04410224,"Solid Tumors","Stage IV"
NCT04434040,"Breast Cancer","Stage IV"
NCT04434040,"Triple-Negative Breast Cancer","Stage IV"
NCT04446260,"Solid Tumors","Stage IV"
NCT04448886,"Breast Cancer","Stage IV"
NCT04450732,"Biliary Tract Cancer","Stage IV"
NCT04450732,"Breast Cancer","Stage IV"
NCT04450732,"Head and Neck Cancer","Stage IV"
NCT04450732,"Small Cell Lung Cancer","Stage IV"
NCT04450732,"Solid Tumors","Stage IV"
NCT04454437,"Breast Cancer","Stage IV"
NCT04454437,"Triple-Negative Breast Cancer","Stage IV"
NCT04457596,"Breast Cancer","Stage I"
NCT04457596,"Breast Cancer","Stage II"
NCT04457596,"Breast Cancer","Stage III"
NCT04457596,"Breast Cancer","Stage IV"
NCT04460456,"Biliary Tract Cancer","Stage IV"
NCT04460456,"Bladder Cancer","Stage IV"
NCT04460456,"Breast Cancer","Stage IV"
NCT04460456,"Colorectal Cancer","Stage IV"
NCT04460456,"Endometrial Cancer","Stage IV"
NCT04460456,"Gastric Cancer","Stage IV"
NCT04460456,"Gastroesophageal Junction","Stage IV"
NCT04460456,"Gastrointestinal Cancer","Stage IV"
NCT04460456,"Head and Neck Cancer","Stage IV"
NCT04460456,"Non-small Cell Lung Cancer","Stage IV"
NCT04460456,"Solid Tumors","Stage IV"
NCT04460456,"Triple-Negative Breast Cancer","Stage IV"
NCT04468061,"Breast Cancer","Stage IV"
NCT04468061,"Triple-Negative Breast Cancer","Stage IV"
NCT04482309,"Biliary Tract Cancer","Stage IV"
NCT04482309,"Bladder Cancer","Stage IV"
NCT04482309,"Cervical Cancer","Stage IV"
NCT04482309,"Endometrial Cancer","Stage IV"
NCT04482309,"Ovarian Cancer","Stage IV"
NCT04482309,"Pancreatic Cancer","Stage IV"
NCT04482309,"Solid Tumors","Stage IV"
NCT04484142,"Lung Cancer","Stage III"
NCT04484142,"Lung Cancer","Stage IV"
NCT04484142,"Non-small Cell Lung Cancer","Stage III"
NCT04484142,"Non-small Cell Lung Cancer","Stage IV"
NCT04492488,"Gastric Cancer","Stage IV"
NCT04492488,"Gastroesophageal Junction","Stage IV"
NCT04492488,"Solid Tumors","Stage IV"
NCT04494425,"Breast Cancer","Stage IV"
NCT04509596,"Breast Cancer","Stage IV"
NCT04513223,"Colorectal Cancer","Stage IV"
NCT04513223,"Gastric Cancer","Stage IV"
NCT04524689,"Non-small Cell Lung Cancer","Stage IV"
NCT04526691,"Lung Cancer","Stage IV"
NCT04526691,"Non-small Cell Lung Cancer","Stage IV"
NCT04527991,"Bladder Cancer","Stage IV"
NCT04538742,"Breast Cancer","Stage IV"
NCT04539938,"Breast Cancer","Stage IV"
NCT04553770,"Breast Cancer","Stage II"
NCT04553770,"Breast Cancer","Stage III"
NCT04556773,"Breast Cancer","Stage IV"
NCT04556773,"Triple-Negative Breast Cancer","Stage IV"
NCT04561362,"Bladder Cancer","Stage III"
NCT04561362,"Bladder Cancer","Stage IV"
NCT04561362,"Breast Cancer","Stage III"
NCT04561362,"Breast Cancer","Stage IV"
NCT04561362,"Esophageal Cancer","Stage III"
NCT04561362,"Esophageal Cancer","Stage IV"
NCT04561362,"Gastric Cancer","Stage III"
NCT04561362,"Gastric Cancer","Stage IV"
NCT04561362,"Gastrointestinal Cancer","Stage III"
NCT04561362,"Gastrointestinal Cancer","Stage IV"
NCT04561362,"Genitourinary Cancer","Stage III"
NCT04561362,"Genitourinary Cancer","Stage IV"
NCT04561362,"Lung Cancer","Stage III"
NCT04561362,"Lung Cancer","Stage IV"
NCT04561362,"Non-small Cell Lung Cancer","Stage III"
NCT04561362,"Non-small Cell Lung Cancer","Stage IV"
NCT04561362,"Ovarian Cancer","Stage IV"
NCT04561362,"Pancreatic Cancer","Stage III"
NCT04561362,"Pancreatic Cancer","Stage IV"
NCT04561362,"Solid Tumors","Stage III"
NCT04561362,"Solid Tumors","Stage IV"
NCT04561362,"Triple-Negative Breast Cancer","Stage III"
NCT04561362,"Triple-Negative Breast Cancer","Stage IV"
NCT04578106,"Breast Cancer","Stage I"
NCT04585958,"Endometrial Cancer","Stage IV"
NCT04585958,"Solid Tumors","Stage IV"
NCT04589845,Neuroblastoma,"Stage IV"
NCT04589845,"Solid Tumors","Stage IV"
NCT04591431,"Breast Cancer","Stage IV"
NCT04591431,"Gastrointestinal Cancer","Stage IV"
NCT04591431,Glioma,"Stage IV"
NCT04591431,"Lung Cancer","Stage IV"
NCT04591431,"Non-small Cell Lung Cancer","Stage IV"
NCT04596150,"Breast Cancer","Stage IV"
NCT04596150,"Triple-Negative Breast Cancer","Stage IV"
NCT04606914,"Fallopian tube Cancer","Stage III"
NCT04606914,"Fallopian tube Cancer","Stage IV"
NCT04606914,"Ovarian Cancer","Stage III"
NCT04606914,"Ovarian Cancer","Stage IV"
NCT04606914,"Peritoneal Cancer","Stage III"
NCT04606914,"Peritoneal Cancer","Stage IV"
NCT04609566,"Head and Neck Cancer","Stage IV"
NCT04609566,Melanoma,"Stage IV"
NCT04609566,"Non-small Cell Lung Cancer","Stage IV"
NCT04609566,"Solid Tumors","Stage IV"
NCT04609566,"Squamous Cell Carcinoma","Stage IV"
NCT04610528,"Breast Cancer","Stage IV"
NCT04612751,"Lung Cancer","Stage IV"
NCT04612751,"Non-small Cell Lung Cancer","Stage IV"
NCT04617314,"Solid Tumors","Stage IV"
NCT04617522,"Solid Tumors","Stage IV"
NCT04619004,"Non-small Cell Lung Cancer","Stage IV"
NCT04620187,"Head and Neck Cancer","Stage II"
NCT04620187,"Head and Neck Cancer","Stage III"
NCT04620187,"Head and Neck Cancer","Stage IV"
NCT04622774,"Colorectal Cancer","Stage IV"
NCT04622774,"Gastroesophageal Junction","Stage IV"
NCT04622774,"Non-small Cell Lung Cancer","Stage IV"
NCT04622774,"Pancreatic Cancer","Stage IV"
NCT04622774,"Solid Tumors","Stage IV"
NCT04622774,"Triple-Negative Breast Cancer","Stage IV"
NCT04632992,"Solid Tumors","Stage IV"
NCT04639219,"Breast Cancer","Stage IV"
NCT04639219,"Cervical Cancer","Stage IV"
NCT04639219,"Colorectal Cancer","Stage IV"
NCT04639219,"Endometrial Cancer","Stage IV"
NCT04639219,"Gastric Cancer","Stage IV"
NCT04639219,Melanoma,"Stage IV"
NCT04639219,"Ovarian Cancer","Stage IV"
NCT04639219,"Pancreatic Cancer","Stage IV"
NCT04639219,"Solid Tumors","Stage IV"
NCT04639986,"Breast Cancer","Stage IV"
NCT04644237,"Non-small Cell Lung Cancer","Stage IV"
NCT04647916,"Breast Cancer","Stage IV"
NCT04656652,"Non-small Cell Lung Cancer","Stage III"
NCT04656652,"Non-small Cell Lung Cancer","Stage IV"
NCT04659603,"Breast Cancer","Stage IV"
NCT04659603,"Pancreatic Cancer","Stage IV"
NCT04659603,"Triple-Negative Breast Cancer","Stage IV"
NCT04662580,"Prostate Cancer","Stage IV"
NCT04662580,"Solid Tumors","Stage IV"
NCT04676477,"Non-small Cell Lung Cancer","Stage IV"
NCT04680442,"Breast Cancer","Stage I"
NCT04680442,"Breast Cancer","Stage II"
NCT04680442,"Breast Cancer","Stage III"
NCT04681131,"Non-small Cell Lung Cancer","Stage IV"
NCT04686305,"Non-small Cell Lung Cancer","Stage IV"
NCT04697628,"Cervical Cancer","Stage IV"
NCT04699630,"Breast Cancer","Stage IV"
NCT04699630,"Triple-Negative Breast Cancer","Stage IV"
NCT04700124,"Bladder Cancer","Stage IV"
NCT04704661,"Breast Cancer","Stage III"
NCT04704661,"Breast Cancer","Stage IV"
NCT04704661,"Colorectal Cancer","Stage III"
NCT04704661,"Colorectal Cancer","Stage IV"
NCT04704661,"Endometrial Cancer","Stage III"
NCT04704661,"Endometrial Cancer","Stage IV"
NCT04704661,"Gastric Cancer","Stage III"
NCT04704661,"Gastric Cancer","Stage IV"
NCT04704661,"Gastroesophageal Junction","Stage III"
NCT04704661,"Gastroesophageal Junction","Stage IV"
NCT04704661,"Head and Neck Cancer","Stage IV"
NCT04704661,"Solid Tumors","Stage IV"
NCT04704934,"Gastric Cancer","Stage IV"
NCT04704934,"Gastroesophageal Junction","Stage IV"
NCT04714190,"Gastric Cancer","Stage IV"
NCT04721977,"Breast Cancer","Stage IV"
NCT04724018,"Bladder Cancer","Stage IV"
NCT04733118,"Breast Cancer","Early Stage"
NCT04733118,"Breast Cancer","Stage II"
NCT04739761,"Breast Cancer","Stage IV"
NCT04740398,"Cervical Cancer","Stage IV"
NCT04740398,"Colorectal Cancer","Stage IV"
NCT04740398,"Solid Tumors","Stage IV"
NCT04740398,"Triple-Negative Breast Cancer","Stage IV"
NCT04740918,"Breast Cancer","Stage IV"
NCT04742153,"Breast Cancer","Stage IV"
NCT04744831,"Colorectal Cancer","Stage IV"
NCT04754191,"Prostate Cancer","Stage IV"
NCT04784715,"Breast Cancer","Stage IV"
NCT04805307,"Gastric Cancer","Stage IV"
NCT04805307,"Gastroesophageal Junction","Stage IV"
NCT04805307,"Pancreatic Cancer","Stage IV"
NCT04805307,"Solid Tumors","Stage IV"
NCT04818333,"Non-small Cell Lung Cancer","Stage IV"
NCT04826107,"Gastric Cancer","Stage IV"
NCT04826341,"Neuroendocrine Tumor","Stage IV"
NCT04826341,"Small Cell Lung Cancer","Stage IV"
NCT04826341,"Solid Tumors","Stage IV"
NCT04828616,"Ovarian Cancer","Stage IV"
NCT04828616,"Peritoneal Cancer","Stage IV"
NCT04829604,"Breast Cancer","Stage IV"
NCT04837508,"Biliary Tract Cancer","Stage II"
NCT04837508,"Biliary Tract Cancer","Stage III"
NCT04837508,"Biliary Tract Cancer","Stage IV"
NCT04838964,"Biliary Tract Cancer","Stage II"
NCT04838964,"Biliary Tract Cancer","Stage III"
NCT04838964,"Biliary Tract Cancer","Stage IV"
NCT04839510,"Bladder Cancer","Stage IV"
NCT04843709,"Solid Tumors","Stage IV"
NCT04863885,"Bladder Cancer","Stage I"
NCT04863885,"Bladder Cancer","Stage II"
NCT04863885,"Bladder Cancer","Stage III"
NCT04863885,"Bladder Cancer","Stage IV"
NCT04868162,"Head and Neck Cancer","Stage IV"
NCT04873362,"Breast Cancer","Stage II"
NCT04873362,"Breast Cancer","Stage III"
NCT04878029,"Bladder Cancer","Stage IV"
NCT04879329,"Bladder Cancer","Stage IV"
NCT04887870,"Solid Tumors","Stage IV"
NCT04892342,"Bladder Cancer","Stage IV"
NCT04892342,"Breast Cancer","Stage IV"
NCT04892342,"Cervical Cancer","Stage IV"
NCT04892342,"Colorectal Cancer","Stage IV"
NCT04892342,"Endometrial Cancer","Stage IV"
NCT04892342,"Esophageal Cancer","Stage IV"
NCT04892342,"Gastric Cancer","Stage IV"
NCT04892342,Glioblastoma,"Stage IV"
NCT04892342,"Head and Neck Cancer","Stage IV"
NCT04892342,"Hepatocellular Carcinoma","Stage IV"
NCT04892342,"Lung Cancer","Stage IV"
NCT04892342,"Non-small Cell Lung Cancer","Stage IV"
NCT04892342,"Ovarian Cancer","Stage IV"
NCT04892342,"Pancreatic Cancer","Stage IV"
NCT04892342,"Prostate Cancer","Stage IV"
NCT04892342,"Renal Cell Carcinoma","Stage IV"
NCT04892342,"Small Cell Lung Cancer","Stage IV"
NCT04892342,"Solid Tumors","Stage IV"
NCT04892342,"Triple-Negative Breast Cancer","Stage IV"
NCT04893109,"Breast Cancer","Stage I"
NCT04893109,"Breast Cancer","Stage II"
NCT04893109,"Breast Cancer","Stage III"
NCT04893109,"Breast Cancer","Stage IV"
NCT04907968,"Ovarian Cancer","Stage IV"
NCT04907968,"Peritoneal Cancer","Stage IV"
NCT04918186,"Ovarian Cancer","Stage IV"
NCT04924699,"Breast Cancer","Stage IV"
NCT04925284,"Bladder Cancer","Stage IV"
NCT04925284,"Breast Cancer","Stage IV"
NCT04925284,"Cervical Cancer","Stage IV"
NCT04925284,"Endometrial Cancer","Stage IV"
NCT04925284,"Esophageal Cancer","Stage IV"
NCT04925284,"Fallopian tube Cancer","Stage IV"
NCT04925284,"Head and Neck Cancer","Stage IV"
NCT04925284,"Non-small Cell Lung Cancer","Stage IV"
NCT04925284,"Ovarian Cancer","Stage IV"
NCT04925284,"Pancreatic Cancer","Stage IV"
NCT04925284,"Peritoneal Cancer","Stage IV"
NCT04925284,"Prostate Cancer","Stage IV"
NCT04925284,"Solid Tumors","Stage IV"
NCT04925284,"Triple-Negative Breast Cancer","Stage IV"
NCT04925284,"Uterine Cancer","Stage IV"
NCT04928612,"Lung Cancer","Stage I"
NCT04928612,"Lung Cancer","Stage II"
NCT04928612,"Lung Cancer","Stage III"
NCT04928612,"Lung Cancer","Stage IV"
NCT04928612,"Prostate Cancer","Stage I"
NCT04928612,"Prostate Cancer","Stage II"
NCT04928612,"Prostate Cancer","Stage III"
NCT04928612,"Prostate Cancer","Stage IV"
NCT04928612,"Renal Cell Carcinoma","Stage I"
NCT04928612,"Renal Cell Carcinoma","Stage II"
NCT04928612,"Renal Cell Carcinoma","Stage III"
NCT04928612,"Renal Cell Carcinoma","Stage IV"
NCT04928612,"Solid Tumors","Stage I"
NCT04928612,"Solid Tumors","Stage II"
NCT04928612,"Solid Tumors","Stage III"
NCT04928612,"Solid Tumors","Stage IV"
NCT04928846,"Non-small Cell Lung Cancer","Stage IV"
NCT04940325,"Lung Cancer","Stage IV"
NCT04940325,"Non-small Cell Lung Cancer","Stage IV"
NCT04941339,"Solid Tumors","Stage IV"
NCT04958785,"Breast Cancer","Stage IV"
NCT04958785,"Triple-Negative Breast Cancer","Stage IV"
NCT04960709,"Bladder Cancer","Stage II"
NCT04960709,"Bladder Cancer","Stage III"
NCT04963153,"Bladder Cancer","Stage III"
NCT04963153,"Bladder Cancer","Stage IV"
NCT04963153,"Urethral Cancer","Stage III"
NCT04965519,"Cervical Cancer","Stage IV"
NCT04965519,"Endometrial Cancer","Stage IV"
NCT04965519,"Fallopian tube Cancer","Stage IV"
NCT04965519,"Peritoneal Cancer","Stage IV"
NCT04965519,"Vaginal Cancer","Stage IV"
NCT04965519,"Vulvar Cancer","Stage IV"
NCT04965766,"Breast Cancer","Stage IV"
NCT04972981,"Biliary Tract Cancer","Stage IV"
NCT04972981,"Fallopian tube Cancer","Stage IV"
NCT04972981,"Ovarian Cancer","Stage IV"
NCT04972981,"Prostate Cancer","Stage IV"
NCT04972981,"Renal Cell Carcinoma","Stage IV"
NCT04972981,"Solid Tumors","Stage IV"
NCT04972981,"Triple-Negative Breast Cancer","Stage IV"
NCT04983121,"Breast Cancer","Stage II"
NCT04983121,"Breast Cancer","Stage III"
NCT04986579,"Breast Cancer","Stage IV"
NCT04989816,"Gastric Cancer","Stage IV"
NCT04989816,"Gastroesophageal Junction","Stage IV"
NCT04995419,"Bladder Cancer","Stage IV"
NCT05001282,"Biliary Tract Cancer","Stage IV"
NCT05001282,"Breast Cancer","Stage III"
NCT05001282,"Breast Cancer","Stage IV"
NCT05001282,"Colorectal Cancer","Stage III"
NCT05001282,"Colorectal Cancer","Stage IV"
NCT05001282,"Endometrial Cancer","Stage IV"
NCT05001282,"Esophageal Cancer","Stage IV"
NCT05001282,"Fallopian tube Cancer","Stage IV"
NCT05001282,"Gastric Cancer","Stage IV"
NCT05001282,"Gastroesophageal Junction","Stage IV"
NCT05001282,"Non-small Cell Lung Cancer","Stage IV"
NCT05001282,"Ovarian Cancer","Stage IV"
NCT05001282,"Peritoneal Cancer","Stage IV"
NCT05001282,"Solid Tumors","Stage IV"
NCT05001282,"Triple-Negative Breast Cancer","Stage IV"
NCT05006794,"Bladder Cancer","Stage IV"
NCT05006794,"Breast Cancer","Stage IV"
NCT05006794,"Cervical Cancer","Stage IV"
NCT05006794,"Colorectal Cancer","Stage IV"
NCT05006794,"Endometrial Cancer","Stage IV"
NCT05006794,"Esophageal Cancer","Stage IV"
NCT05006794,"Gastric Cancer","Stage IV"
NCT05006794,"Gastroesophageal Junction","Stage IV"
NCT05006794,"Head and Neck Cancer","Stage IV"
NCT05006794,"Hepatocellular Carcinoma","Stage IV"
NCT05006794,"Non-small Cell Lung Cancer","Stage IV"
NCT05006794,"Ovarian Cancer","Stage IV"
NCT05006794,"Prostate Cancer","Stage IV"
NCT05006794,"Renal Cell Carcinoma","Stage IV"
NCT05006794,"Small Cell Lung Cancer","Stage IV"
NCT05006794,"Soft Tissue Sarcoma","Stage IV"
NCT05006794,"Solid Tumors","Stage IV"
NCT05006794,"Thyroid Cancer","Stage IV"
NCT05006794,"Triple-Negative Breast Cancer","Stage IV"
NCT05009966,"Gastric Cancer","Stage IV"
NCT05009966,"Gastroesophageal Junction","Stage IV"
NCT05009966,"Non-small Cell Lung Cancer","Stage I"
NCT05009966,"Non-small Cell Lung Cancer","Stage II"
NCT05009966,"Non-small Cell Lung Cancer","Stage III"
NCT05009966,"Non-small Cell Lung Cancer","Stage IV"
NCT05009966,"Pancreatic Cancer","Stage IV"
NCT05009966,"Solid Tumors","Stage IV"
NCT05011188,"Bladder Cancer","Stage IV"
NCT05011188,"Prostate Cancer","Stage IV"
NCT05011188,"Skin Cancer","Stage IV"
NCT05016973,"Bladder Cancer","Stage IV"
NCT05018676,"Breast Cancer","Stage IV"
NCT05018702,"Breast Cancer","Stage IV"
NCT05029882,"Colorectal Cancer","Stage IV"
NCT05029882,"Gastric Cancer","Stage IV"
NCT05029882,"Lung Cancer","Stage IV"
NCT05029882,"Non-small Cell Lung Cancer","Stage IV"
NCT05029882,"Solid Tumors","Stage IV"
NCT05041842,"Breast Cancer","Stage IV"
NCT05043987,"Gastric Cancer","Stage IV"
NCT05043987,"Gastroesophageal Junction","Stage IV"
NCT05043987,"Pancreatic Cancer","Stage IV"
NCT05048797,"Non-small Cell Lung Cancer","Stage IV"
NCT05061550,"Non-small Cell Lung Cancer","Early Stage"
NCT05061550,"Non-small Cell Lung Cancer","Stage II"
NCT05061550,"Non-small Cell Lung Cancer","Stage III"
NCT05070247,"Breast Cancer","Stage IV"
NCT05070247,"Esophageal Cancer","Stage IV"
NCT05070247,"Gastric Cancer","Stage IV"
NCT05070247,"Gastroesophageal Junction","Stage IV"
NCT05070247,"Head and Neck Cancer","Stage IV"
NCT05070247,"Hepatocellular Carcinoma","Stage IV"
NCT05070247,Mesothelioma,"Stage IV"
NCT05070247,"Nasopharyngeal Carcinoma","Stage IV"
NCT05070247,"Non-small Cell Lung Cancer","Stage IV"
NCT05070247,"Pancreatic Cancer","Stage IV"
NCT05070247,"Renal Cell Carcinoma","Stage IV"
NCT05070247,"Solid Tumors","Stage IV"
NCT05070247,"Squamous Cell Carcinoma","Stage IV"
NCT05070247,"Triple-Negative Breast Cancer","Stage IV"
NCT05071053,"Gastric Cancer","Stage IV"
NCT05071053,"Gastroesophageal Junction","Stage IV"
NCT05089734,"Non-small Cell Lung Cancer","Stage IV"
NCT05089734,"Squamous Cell Carcinoma","Stage IV"
NCT05097599,"Colorectal Cancer","Stage IV"
NCT05097599,Melanoma,"Stage IV"
NCT05097599,"Non-small Cell Lung Cancer","Stage IV"
NCT05097599,"Solid Tumors","Stage IV"
NCT05101096,"Bladder Cancer","Stage IV"
NCT05101096,"Breast Cancer","Stage IV"
NCT05101096,"Solid Tumors","Stage IV"
NCT05101096,"Triple-Negative Breast Cancer","Stage IV"
NCT05104866,"Breast Cancer","Stage IV"
NCT05113251,"Breast Cancer","Early Stage"
NCT05113251,"Breast Cancer","Stage IV"
NCT05113459,"Gastric Cancer","Stage IV"
NCT05113966,"Breast Cancer","Stage IV"
NCT05113966,"Triple-Negative Breast Cancer","Stage IV"
NCT05114759,"Solid Tumors","Stage III"
NCT05114759,"Solid Tumors","Stage IV"
NCT05115500,"Solid Tumors","Stage IV"
NCT05117242,"Lung Cancer","Stage IV"
NCT05117242,"Non-small Cell Lung Cancer","Stage IV"
NCT05119907,"Biliary Tract Cancer","Stage IV"
NCT05119907,"Cervical Cancer","Stage IV"
NCT05119907,"Esophageal Cancer","Stage IV"
NCT05119907,"Gallbladder Cancer","Stage IV"
NCT05119907,"Gastric Cancer","Stage IV"
NCT05119907,"Non-small Cell Lung Cancer","Stage IV"
NCT05119907,"Solid Tumors","Stage IV"
NCT05123482,"Biliary Tract Cancer","Stage IV"
NCT05123482,"Breast Cancer","Stage IV"
NCT05123482,"Endometrial Cancer","Stage IV"
NCT05123482,"Ovarian Cancer","Stage IV"
NCT05123482,"Solid Tumors","Stage IV"
NCT05123482,"Triple-Negative Breast Cancer","Stage IV"
NCT05126433,"Biliary Tract Cancer","Stage IV"
NCT05126433,"Bladder Cancer","Stage IV"
NCT05126433,"Breast Cancer","Stage IV"
NCT05126433,"Endometrial Cancer","Stage IV"
NCT05126433,"Esophageal Cancer","Stage IV"
NCT05126433,"Gastric Cancer","Stage IV"
NCT05126433,"Neuroendocrine Tumor","Stage IV"
NCT05126433,"Pancreatic Cancer","Stage IV"
NCT05126433,"Solid Tumors","Stage IV"
NCT05126433,"Triple-Negative Breast Cancer","Stage IV"
NCT05126719,"Nasopharyngeal Carcinoma","Stage IV"
NCT05134519,"Breast Cancer","Stage IV"
NCT05135715,Melanoma,"Stage II"
NCT05135715,Melanoma,"Stage III"
NCT05135715,Melanoma,"Stage IV"
NCT05141747,"Gastric Cancer","Stage IV"
NCT05141747,"Gastroesophageal Junction","Stage IV"
NCT05141786,"Lung Cancer","Stage IV"
NCT05141786,"Non-small Cell Lung Cancer","Stage IV"
NCT05143229,"Breast Cancer","Stage III"
NCT05143229,"Breast Cancer","Stage IV"
NCT05143229,"Triple-Negative Breast Cancer","Stage III"
NCT05143229,"Triple-Negative Breast Cancer","Stage IV"
NCT05150691,"Biliary Tract Cancer","Stage IV"
NCT05150691,"Breast Cancer","Stage IV"
NCT05150691,"Endometrial Cancer","Stage IV"
NCT05150691,"Gastric Cancer","Stage IV"
NCT05150691,"Gastroesophageal Junction","Stage IV"
NCT05150691,"Gastrointestinal Cancer","Stage IV"
NCT05150691,"Hepatocellular Carcinoma","Stage IV"
NCT05150691,"Non-small Cell Lung Cancer","Stage IV"
NCT05150691,"Solid Tumors","Stage IV"
NCT05154604,"Solid Tumors","Stage IV"
NCT05174637,"Bladder Cancer","Stage IV"
NCT05174637,"Colorectal Cancer","Stage IV"
NCT05174637,"Endometrial Cancer","Stage IV"
NCT05174637,"Esophageal Cancer","Stage IV"
NCT05174637,"Gastric Cancer","Stage IV"
NCT05174637,"Lung Cancer","Stage IV"
NCT05174637,"Non-small Cell Lung Cancer","Stage IV"
NCT05174637,"Ovarian Cancer","Stage IV"
NCT05174637,"Small Cell Lung Cancer","Stage IV"
NCT05174637,"Solid Tumors","Stage IV"
NCT05174637,"Triple-Negative Breast Cancer","Stage IV"
NCT05186974,"Lung Cancer","Stage IV"
NCT05186974,"Non-small Cell Lung Cancer","Stage IV"
NCT05188209,"Gastric Cancer","Stage IV"
NCT05188209,"Gastroesophageal Junction","Stage IV"
NCT05194072,"Adenoid Cystic Carcinoma","Stage IV"
NCT05194072,"Biliary Tract Cancer","Stage IV"
NCT05194072,"Breast Cancer","Stage IV"
NCT05194072,"Endometrial Cancer","Stage IV"
NCT05194072,"Fallopian tube Cancer","Stage IV"
NCT05194072,"Gallbladder Cancer","Stage IV"
NCT05194072,"Non-small Cell Lung Cancer","Stage IV"
NCT05194072,"Ovarian Cancer","Stage IV"
NCT05194072,"Peritoneal Cancer","Stage IV"
NCT05194072,"Solid Tumors","Stage IV"
NCT05194072,"Squamous Cell Carcinoma","Stage IV"
NCT05194072,"Triple-Negative Breast Cancer","Stage IV"
NCT05205850,"Biliary Tract Cancer","Stage IV"
NCT05205850,"Esophageal Cancer","Stage IV"
NCT05205850,"Gastric Cancer","Stage IV"
NCT05205850,"Gastroesophageal Junction","Stage IV"
NCT05205850,"Ovarian Cancer","Stage IV"
NCT05205850,"Pancreatic Cancer","Stage IV"
NCT05205850,"Solid Tumors","Stage IV"
NCT05208762,"Esophageal Cancer","Stage IV"
NCT05208762,"Head and Neck Cancer","Stage IV"
NCT05208762,Melanoma,"Stage IV"
NCT05208762,"Non-small Cell Lung Cancer","Stage IV"
NCT05208762,"Ovarian Cancer","Stage IV"
NCT05208762,"Solid Tumors","Stage IV"
NCT05208762,"Triple-Negative Breast Cancer","Stage IV"
NCT05215340,"Non-small Cell Lung Cancer","Stage III"
NCT05215340,"Non-small Cell Lung Cancer","Stage IV"
NCT05217693,"Solid Tumors","Stage IV"
NCT05229900,"Cervical Cancer","Stage IV"
NCT05229900,"Endometrial Cancer","Stage IV"
NCT05229900,"Gastric Cancer","Stage IV"
NCT05229900,"Gastroesophageal Junction","Stage IV"
NCT05229900,"Lung Cancer","Stage IV"
NCT05229900,"Non-small Cell Lung Cancer","Stage IV"
NCT05229900,"Ovarian Cancer","Stage IV"
NCT05229900,"Solid Tumors","Stage IV"
NCT05229900,"Testicular Cancer","Stage IV"
NCT05229900,"Uterine Cancer","Stage IV"
NCT05238831,"Breast Cancer","Stage II"
NCT05238831,"Breast Cancer","Stage III"
NCT05238831,"Breast Cancer","Stage IV"
NCT05238831,"Ovarian Cancer","Stage II"
NCT05238831,"Ovarian Cancer","Stage III"
NCT05238831,"Ovarian Cancer","Stage IV"
NCT05238831,"Pancreatic Cancer","Stage II"
NCT05238831,"Pancreatic Cancer","Stage III"
NCT05238831,"Pancreatic Cancer","Stage IV"
NCT05238831,"Prostate Cancer","Stage II"
NCT05238831,"Prostate Cancer","Stage III"
NCT05238831,"Prostate Cancer","Stage IV"
NCT05238831,"Soft Tissue Sarcoma","Stage II"
NCT05238831,"Soft Tissue Sarcoma","Stage III"
NCT05238831,"Soft Tissue Sarcoma","Stage IV"
NCT05238831,"Solid Tumors","Stage II"
NCT05238831,"Solid Tumors","Stage III"
NCT05238831,"Solid Tumors","Stage IV"
NCT05239624,"Bladder Cancer","Stage IV"
NCT05241899,"Gastric Cancer","Stage IV"
NCT05241899,"Gastroesophageal Junction","Stage IV"
NCT05245071,"Non-small Cell Lung Cancer","Stage IV"
NCT05246514,"Non-small Cell Lung Cancer","Stage IV"
NCT05263869,"Breast Cancer","Stage IV"
NCT05263869,"Solid Tumors","Stage IV"
NCT05265013,"Bone Cancer","Stage IV"
NCT05265013,"Head and Neck Cancer","Stage IV"
NCT05271604,"Head and Neck Cancer","Stage III"
NCT05271604,"Head and Neck Cancer","Stage IV"
NCT05274048,"Esophageal Cancer","Stage IV"
NCT05274048,"Gastric Cancer","Stage IV"
NCT05274048,"Gastroesophageal Junction","Stage IV"
NCT05276609,"Solid Tumors","Stage IV"
NCT05280470,"Small Cell Lung Cancer","Extensive Stage"
NCT05288777,"Breast Cancer","Stage I"
NCT05288777,"Breast Cancer","Stage II"
NCT05288777,"Breast Cancer","Stage III"
NCT05293496,"Hepatocellular Carcinoma","Stage IV"
NCT05293496,Melanoma,"Stage IV"
NCT05293496,"Ovarian Cancer","Stage IV"
NCT05293496,"Pancreatic Cancer","Stage IV"
NCT05293496,"Prostate Cancer","Stage IV"
NCT05293496,"Renal Cell Carcinoma","Stage IV"
NCT05293496,"Solid Tumors","Stage IV"
NCT05297552,"Bladder Cancer","Stage IV"
NCT05302284,"Bladder Cancer","Stage IV"
NCT05311397,"Breast Cancer","Stage II"
NCT05311397,"Breast Cancer","Stage III"
NCT05311397,"Breast Cancer","Stage IV"
NCT05311397,"Solid Tumors","Stage II"
NCT05311397,"Solid Tumors","Stage III"
NCT05311397,"Solid Tumors","Stage IV"
NCT05320588,"Solid Tumors","Stage IV"
NCT05323045,"Cervical Cancer","Stage IV"
NCT05323045,"Head and Neck Cancer","Stage IV"
NCT05323045,Melanoma,"Stage IV"
NCT05323045,"Pancreatic Cancer","Stage IV"
NCT05323045,"Renal Cell Carcinoma","Stage IV"
NCT05323045,"Solid Tumors","Stage IV"
NCT05323955,"Breast Cancer","Stage IV"
NCT05327530,"Bladder Cancer","Stage III"
NCT05327530,"Bladder Cancer","Stage IV"
NCT05329545,"Fallopian tube Cancer","Stage IV"
NCT05329545,"Ovarian Cancer","Stage IV"
NCT05329545,"Peritoneal Cancer","Stage IV"
NCT05331326,"Breast Cancer","Stage IV"
NCT05332561,"Breast Cancer","Stage I"
NCT05332561,"Breast Cancer","Stage II"
NCT05332561,"Breast Cancer","Stage III"
NCT05332561,"Breast Cancer","Stage IV"
NCT05332561,"Triple-Negative Breast Cancer","Stage I"
NCT05332561,"Triple-Negative Breast Cancer","Stage II"
NCT05332561,"Triple-Negative Breast Cancer","Stage III"
NCT05332561,"Triple-Negative Breast Cancer","Stage IV"
NCT05333809,"Colorectal Cancer","Stage IV"
NCT05334810,"Breast Cancer","Stage IV"
NCT05338970,"Non-small Cell Lung Cancer","Stage IV"
NCT05339685,"Breast Cancer","Stage IV"
NCT05339685,"Gastrointestinal Cancer","Stage IV"
NCT05339685,"Solid Tumors","Stage IV"
NCT05339685,"Triple-Negative Breast Cancer","Stage IV"
NCT05346328,"Breast Cancer","Stage IV"
NCT05347134,"Breast Cancer","Stage IV"
NCT05347134,"Triple-Negative Breast Cancer","Stage IV"
NCT05350917,"Colorectal Cancer","Stage IV"
NCT05351788,"Non-small Cell Lung Cancer","Stage IV"
NCT05353361,"Breast Cancer","Stage IV"
NCT05372614,"Breast Cancer","Stage IV"
NCT05372614,"Gastric Cancer","Stage IV"
NCT05372614,"Solid Tumors","Stage IV"
NCT05374512,"Breast Cancer","Stage II"
NCT05374512,"Breast Cancer","Stage III"
NCT05374512,"Breast Cancer","Stage IV"
NCT05374512,"Triple-Negative Breast Cancer","Stage II"
NCT05374512,"Triple-Negative Breast Cancer","Stage III"
NCT05374512,"Triple-Negative Breast Cancer","Stage IV"
NCT05377996,"Breast Cancer","Stage IV"
NCT05377996,"Endometrial Cancer","Stage IV"
NCT05377996,"Fallopian tube Cancer","Stage IV"
NCT05377996,"Ovarian Cancer","Stage IV"
NCT05377996,"Solid Tumors","Stage IV"
NCT05377996,"Triple-Negative Breast Cancer","Stage IV"
NCT05378737,"Solid Tumors","Stage IV"
NCT05382286,"Breast Cancer","Stage I"
NCT05382286,"Breast Cancer","Stage II"
NCT05382286,"Breast Cancer","Stage III"
NCT05382286,"Breast Cancer","Stage IV"
NCT05382286,"Triple-Negative Breast Cancer","Stage I"
NCT05382286,"Triple-Negative Breast Cancer","Stage II"
NCT05382286,"Triple-Negative Breast Cancer","Stage III"
NCT05382286,"Triple-Negative Breast Cancer","Stage IV"
NCT05382299,"Breast Cancer","Stage I"
NCT05382299,"Breast Cancer","Stage II"
NCT05382299,"Breast Cancer","Stage III"
NCT05382299,"Breast Cancer","Stage IV"
NCT05382299,"Triple-Negative Breast Cancer","Stage IV"
NCT05385692,"Gastrointestinal Cancer","Stage IV"
NCT05385692,"Gastrointestinal Stromal Tumor","Stage IV"
NCT05385692,"Solid Tumors","Stage IV"
NCT05388149,"Breast Cancer","Stage I"
NCT05388149,"Breast Cancer","Stage II"
NCT05388149,"Breast Cancer","Stage III"
NCT05388149,"Breast Cancer","Stage IV"
NCT05389462,"Bladder Cancer","Stage IV"
NCT05389462,"Cervical Cancer","Stage IV"
NCT05389462,Chondrosarcoma,"Stage IV"
NCT05389462,"Endometrial Cancer","Stage IV"
NCT05389462,"Ewing Sarcoma","Stage IV"
NCT05389462,"Fallopian tube Cancer","Stage IV"
NCT05389462,Leiomyosarcoma,"Stage IV"
NCT05389462,Liposarcoma,"Stage IV"
NCT05389462,"Non-small Cell Lung Cancer","Stage IV"
NCT05389462,Osteosarcoma,"Stage IV"
NCT05389462,"Ovarian Cancer","Stage IV"
NCT05389462,"Pancreatic Cancer","Stage IV"
NCT05389462,"Peritoneal Cancer","Stage IV"
NCT05389462,"Soft Tissue Sarcoma","Stage IV"
NCT05389462,"Solid Tumors","Stage IV"
NCT05389462,"Synovial Sarcoma","Stage IV"
NCT05394675,"Endometrial Cancer","Stage IV"
NCT05394675,"Fallopian tube Cancer","Stage IV"
NCT05394675,"Gastric Cancer","Stage IV"
NCT05394675,"Non-small Cell Lung Cancer","Stage IV"
NCT05394675,"Ovarian Cancer","Stage IV"
NCT05394675,"Pancreatic Cancer","Stage IV"
NCT05394675,"Peritoneal Cancer","Stage IV"
NCT05394675,"Solid Tumors","Stage IV"
NCT05394675,"Testicular Cancer","Stage IV"
NCT05394675,"Uterine Cancer","Stage IV"
NCT05394818,"Solid Tumors","Stage IV"
NCT05399654,"Solid Tumors","Stage IV"
NCT05405621,"Solid Tumors","Stage IV"
NCT05408845,"Breast Cancer","Stage III"
NCT05408845,"Breast Cancer","Stage IV"
NCT05408845,"Head and Neck Cancer","Stage III"
NCT05408845,"Head and Neck Cancer","Stage IV"
NCT05415215,"Breast Cancer","Stage II"
NCT05415215,"Breast Cancer","Stage III"
NCT05417230,"Biliary Tract Cancer","Stage IV"
NCT05424835,"Breast Cancer","Stage IV"
NCT05426486,"Breast Cancer","Stage II"
NCT05426486,"Breast Cancer","Stage III"
NCT05429684,"Breast Cancer","Stage IV"
NCT05429762,"Colorectal Cancer","Stage IV"
NCT05429762,"Gastric Cancer","Stage IV"
NCT05429762,"Gastroesophageal Junction","Stage IV"
NCT05429762,"Non-small Cell Lung Cancer","Stage IV"
NCT05429762,"Solid Tumors","Stage IV"
NCT05438329,"Breast Cancer","Stage IV"
NCT05438329,"Non-small Cell Lung Cancer","Stage IV"
NCT05438329,"Small Cell Lung Cancer","Stage IV"
NCT05438329,"Solid Tumors","Stage IV"
NCT05438329,"Triple-Negative Breast Cancer","Stage IV"
NCT05445908,"Breast Cancer","Stage IV"
NCT05445908,"Triple-Negative Breast Cancer","Stage IV"
NCT05458219,"Gastric Cancer","Stage IV"
NCT05458219,"Gastroesophageal Junction","Stage IV"
NCT05458219,"Pancreatic Cancer","Stage IV"
NCT05458219,"Solid Tumors","Stage IV"
NCT05458674,"Breast Cancer","Stage IV"
NCT05460273,"Bladder Cancer","Stage III"
NCT05460273,"Bladder Cancer","Stage IV"
NCT05460273,"Breast Cancer","Stage III"
NCT05460273,"Breast Cancer","Stage IV"
NCT05460273,"Gastric Cancer","Stage III"
NCT05460273,"Gastric Cancer","Stage IV"
NCT05460273,"Gastroesophageal Junction","Stage III"
NCT05460273,"Gastroesophageal Junction","Stage IV"
NCT05460273,"Non-small Cell Lung Cancer","Stage III"
NCT05460273,"Non-small Cell Lung Cancer","Stage IV"
NCT05460273,"Solid Tumors","Stage III"
NCT05460273,"Solid Tumors","Stage IV"
NCT05460273,"Triple-Negative Breast Cancer","Stage III"
NCT05460273,"Triple-Negative Breast Cancer","Stage IV"
NCT05461768,"Breast Cancer","Stage I"
NCT05461768,"Breast Cancer","Stage II"
NCT05461768,"Breast Cancer","Stage III"
NCT05461768,"Breast Cancer","Stage IV"
NCT05461768,"Solid Tumors","Stage I"
NCT05461768,"Solid Tumors","Stage II"
NCT05461768,"Solid Tumors","Stage III"
NCT05461768,"Solid Tumors","Stage IV"
NCT05464030,"Colorectal Cancer","Stage IV"
NCT05464030,"Solid Tumors","Stage IV"
NCT05482568,"Non-small Cell Lung Cancer","Stage IV"
NCT05489211,"Biliary Tract Cancer","Stage IV"
NCT05489211,"Bladder Cancer","Stage IV"
NCT05489211,"Colorectal Cancer","Stage IV"
NCT05489211,"Endometrial Cancer","Stage IV"
NCT05489211,"Gastric Cancer","Stage IV"
NCT05489211,"Ovarian Cancer","Stage IV"
NCT05489211,"Prostate Cancer","Stage IV"
NCT05489211,"Solid Tumors","Stage IV"
NCT05493683,"Colorectal Cancer","Stage IV"
NCT05494918,"Solid Tumors","Stage IV"
NCT05495724,"Bladder Cancer","Stage I"
NCT05495724,"Bladder Cancer","Stage II"
NCT05495724,"Bladder Cancer","Stage III"
NCT05495724,"Bladder Cancer","Stage IV"
NCT05502393,"Solid Tumors","Stage IV"
NCT05508334,"Solid Tumors","Stage IV"
NCT05513703,"Lung Cancer","Stage IV"
NCT05513703,"Non-small Cell Lung Cancer","Stage IV"
NCT05514158,"Gastric Cancer","Stage IV"
NCT05520723,"Breast Cancer","Stage IV"
NCT05520723,"Triple-Negative Breast Cancer","Stage IV"
NCT05524545,"Bladder Cancer","Stage IV"
NCT05525286,"Gastric Cancer","Stage IV"
NCT05525286,"Gastroesophageal Junction","Stage IV"
NCT05525286,"Pancreatic Cancer","Stage IV"
NCT05530057,"Breast Cancer","Stage IV"
NCT05535218,"Bladder Cancer","Stage II"
NCT05535218,"Bladder Cancer","Stage III"
NCT05540483,"Biliary Tract Cancer","Stage IV"
NCT05540483,"Gallbladder Cancer","Stage IV"
NCT05547321,"Breast Cancer","Stage IV"
NCT05547321,"Colorectal Cancer","Stage IV"
NCT05547321,"Esophageal Cancer","Stage IV"
NCT05547321,"Gastric Cancer","Stage IV"
NCT05547321,"Gastroesophageal Junction","Stage IV"
NCT05547321,"Head and Neck Cancer","Stage IV"
NCT05547321,Leiomyosarcoma,"Stage IV"
NCT05547321,"Non-small Cell Lung Cancer","Stage IV"
NCT05547321,"Ovarian Cancer","Stage IV"
NCT05547321,"Pancreatic Cancer","Stage IV"
NCT05547321,"Solid Tumors","Stage IV"
NCT05551117,"Prostate Cancer","Stage IV"
NCT05552001,"Breast Cancer","Stage IV"
NCT05552001,"Triple-Negative Breast Cancer","Stage IV"
NCT05555732,"Non-small Cell Lung Cancer","Stage III"
NCT05555732,"Non-small Cell Lung Cancer","Stage IV"
NCT05560308,"Breast Cancer","Stage IV"
NCT05562830,"Bladder Cancer","Stage IV"
NCT05564858,"Breast Cancer","Stage IV"
NCT05564858,"Gastric Cancer","Stage IV"
NCT05564858,"Gastroesophageal Junction","Stage IV"
NCT05564858,"Solid Tumors","Stage IV"
NCT05569811,"Breast Cancer","Stage IV"
NCT05575804,"Breast Cancer","Stage IV"
NCT05577715,"Lung Cancer","Stage IV"
NCT05577715,"Non-small Cell Lung Cancer","Stage IV"
NCT05578287,"Colorectal Cancer","Stage IV"
NCT05579366,"Breast Cancer","Stage IV"
NCT05579366,"Endometrial Cancer","Stage IV"
NCT05579366,"Fallopian tube Cancer","Stage IV"
NCT05579366,Mesothelioma,"Stage IV"
NCT05579366,"Non-small Cell Lung Cancer","Stage IV"
NCT05579366,"Ovarian Cancer","Stage IV"
NCT05579366,"Peritoneal Cancer","Stage IV"
NCT05579366,"Solid Tumors","Stage IV"
NCT05579366,"Triple-Negative Breast Cancer","Stage IV"
NCT05581589,"Bladder Cancer","Stage II"
NCT05581589,"Bladder Cancer","Stage III"
NCT05581589,"Squamous Cell Carcinoma","Stage II"
NCT05581589,"Squamous Cell Carcinoma","Stage III"
NCT05582499,"Triple-Negative Breast Cancer","Stage IV"
NCT05584709,"Colorectal Cancer","Stage I"
NCT05584709,"Esophageal Cancer","Stage I"
NCT05584709,"Head and Neck Cancer","Stage I"
NCT05584709,"Lung Cancer","Stage I"
NCT05584709,"Solid Tumors","Stage I"
NCT05586061,"Gastric Cancer","Stage IV"
NCT05593094,"Breast Cancer","Stage IV"
NCT05593094,"Gastric Cancer","Stage IV"
NCT05593094,"Solid Tumors","Stage IV"
NCT05594095,"Breast Cancer","Stage IV"
NCT05594875,"Solid Tumors","Stage IV"
NCT05601401,"Head and Neck Cancer","Stage IV"
NCT05609968,"Non-small Cell Lung Cancer","Stage IV"
NCT05620017,"Solid Tumors","Stage IV"
NCT05620914,"Biliary Tract Cancer","Stage IV"
NCT05620914,"Bladder Cancer","Stage IV"
NCT05620914,"Colorectal Cancer","Stage IV"
NCT05620914,"Gastric Cancer","Stage IV"
NCT05620914,"Lung Cancer","Stage IV"
NCT05620914,Melanoma,"Stage IV"
NCT05620914,"Non-small Cell Lung Cancer","Stage IV"
NCT05620914,"Prostate Cancer","Stage IV"
NCT05620914,"Small Cell Lung Cancer","Stage IV"
NCT05620914,"Solid Tumors","Stage IV"
NCT05627960,"Breast Cancer","Stage IV"
NCT05627960,"Lung Cancer","Stage IV"
NCT05627960,Mesothelioma,"Stage IV"
NCT05627960,"Non-small Cell Lung Cancer","Stage IV"
NCT05627960,"Solid Tumors","Stage IV"
NCT05627960,"Triple-Negative Breast Cancer","Stage IV"
NCT05628857,"Colorectal Cancer","Stage IV"
NCT05628857,"Esophageal Cancer","Stage IV"
NCT05628857,"Gallbladder Cancer","Stage IV"
NCT05628857,"Gastric Cancer","Stage IV"
NCT05628857,"Gastrointestinal Cancer","Stage IV"
NCT05628857,"Hepatocellular Carcinoma","Stage IV"
NCT05628857,"Pancreatic Cancer","Stage IV"
NCT05629585,"Breast Cancer","Stage I"
NCT05629585,"Breast Cancer","Stage II"
NCT05629585,"Breast Cancer","Stage III"
NCT05629585,"Triple-Negative Breast Cancer","Stage I"
NCT05629585,"Triple-Negative Breast Cancer","Stage II"
NCT05629585,"Triple-Negative Breast Cancer","Stage III"
NCT05631262,"Nasopharyngeal Carcinoma","Stage III"
NCT05631262,"Nasopharyngeal Carcinoma","Stage IV"
NCT05631262,"Non-small Cell Lung Cancer","Stage III"
NCT05631262,"Non-small Cell Lung Cancer","Stage IV"
NCT05631262,"Solid Tumors","Stage III"
NCT05631262,"Solid Tumors","Stage IV"
NCT05631964,"Solid Tumors","Stage IV"
NCT05633654,"Triple-Negative Breast Cancer","Stage IV"
NCT05633667,"Lung Cancer","Stage II"
NCT05633667,"Lung Cancer","Stage III"
NCT05633667,"Lung Cancer","Stage IV"
NCT05633667,"Non-small Cell Lung Cancer","Stage II"
NCT05633667,"Non-small Cell Lung Cancer","Stage III"
NCT05633667,"Non-small Cell Lung Cancer","Stage IV"
NCT05633979,"Breast Cancer","Stage IV"
NCT05635487,"Breast Cancer","Stage II"
NCT05635487,"Breast Cancer","Stage III"
NCT05636215,"Solid Tumors","Stage IV"
NCT05642780,"Bladder Cancer","Stage IV"
NCT05642780,"Cervical Cancer","Stage IV"
NCT05642780,"Ovarian Cancer","Stage IV"
NCT05642780,"Prostate Cancer","Stage IV"
NCT05642780,"Solid Tumors","Stage IV"
NCT05650879,"Breast Cancer","Stage IV"
NCT05650879,"Non-small Cell Lung Cancer","Stage IV"
NCT05652855,"Colorectal Cancer","Stage IV"
NCT05652855,"Endometrial Cancer","Stage IV"
NCT05652855,"Esophageal Cancer","Stage IV"
NCT05652855,"Fallopian tube Cancer","Stage IV"
NCT05652855,"Head and Neck Cancer","Stage IV"
NCT05652855,"Hepatocellular Carcinoma","Stage IV"
NCT05652855,Melanoma,"Stage IV"
NCT05652855,"Non-small Cell Lung Cancer","Stage IV"
NCT05652855,"Ovarian Cancer","Stage IV"
NCT05652855,"Pancreatic Cancer","Stage IV"
NCT05652855,"Peritoneal Cancer","Stage IV"
NCT05652855,"Prostate Cancer","Stage IV"
NCT05652855,"Small Cell Lung Cancer","Stage IV"
NCT05652855,"Solid Tumors","Stage IV"
NCT05652855,"Thyroid Cancer","Stage IV"
NCT05652868,"Lung Cancer","Stage IV"
NCT05652868,"Non-small Cell Lung Cancer","Stage III"
NCT05652868,"Non-small Cell Lung Cancer","Stage IV"
NCT05653752,"Breast Cancer","Stage IV"
NCT05653752,"Non-small Cell Lung Cancer","Stage IV"
NCT05657418,"Pancreatic Cancer","Stage IV"
NCT05657418,"Solid Tumors","Stage IV"
NCT05671822,"Gastric Cancer","Stage IV"
NCT05673928,"Breast Cancer","Stage IV"
NCT05673928,"Gastric Cancer","Stage IV"
NCT05673928,"Solid Tumors","Stage IV"
NCT05675579,"Breast Cancer","Stage IV"
NCT05675579,"Triple-Negative Breast Cancer","Stage IV"
NCT05678205,"Breast Cancer","Stage IV"
NCT05678205,"Gastric Cancer","Stage IV"
NCT05678205,"Gastroesophageal Junction","Stage IV"
NCT05678205,"Solid Tumors","Stage IV"
NCT05680662,"Breast Cancer","Stage IV"
NCT05680662,"Triple-Negative Breast Cancer","Stage IV"
NCT05687266,"Non-small Cell Lung Cancer","Stage III"
NCT05687266,"Non-small Cell Lung Cancer","Stage IV"
NCT05688605,"Head and Neck Cancer","Stage IV"
NCT05688605,"Nasopharyngeal Carcinoma","Stage IV"
NCT05688605,"Non-small Cell Lung Cancer","Stage IV"
NCT05688605,"Solid Tumors","Stage IV"
NCT05688605,"Squamous Cell Carcinoma","Stage IV"
NCT05703555,"Breast Cancer","Stage IV"
NCT05703555,"Gastric Cancer","Stage IV"
NCT05703555,"Lung Cancer","Stage IV"
NCT05703555,"Non-small Cell Lung Cancer","Stage IV"
NCT05710666,"Breast Cancer","Stage II"
NCT05710666,"Breast Cancer","Stage III"
NCT05718895,"Solid Tumors","Stage IV"
NCT05720117,"Breast Cancer","Stage IV"
NCT05720117,"Hepatocellular Carcinoma","Stage IV"
NCT05720117,"Non-small Cell Lung Cancer","Stage IV"
NCT05720117,"Ovarian Cancer","Stage IV"
NCT05720117,"Pancreatic Cancer","Stage IV"
NCT05720117,"Renal Cell Carcinoma","Stage IV"
NCT05720117,"Soft Tissue Sarcoma","Stage IV"
NCT05720117,"Solid Tumors","Stage IV"
NCT05720117,"Thyroid Cancer","Stage IV"
NCT05720533,"Gastric Cancer","Stage IV"
NCT05721222,"Nasopharyngeal Carcinoma","Stage III"
NCT05721222,"Nasopharyngeal Carcinoma","Stage IV"
NCT05721222,"Renal Cell Carcinoma","Stage III"
NCT05721222,"Renal Cell Carcinoma","Stage IV"
NCT05721222,"Solid Tumors","Stage III"
NCT05721222,"Solid Tumors","Stage IV"
NCT05726175,"Breast Cancer","Stage II"
NCT05726175,"Breast Cancer","Stage III"
NCT05744375,"Breast Cancer","Stage IV"
NCT05744427,"Biliary Tract Cancer","Stage IV"
NCT05744427,"Breast Cancer","Stage IV"
NCT05744427,"Colorectal Cancer","Stage IV"
NCT05744427,"Gastric Cancer","Stage IV"
NCT05744427,"Gastroesophageal Junction","Stage IV"
NCT05744427,"Non-small Cell Lung Cancer","Stage IV"
NCT05744427,"Solid Tumors","Stage IV"
NCT05745740,"Non-small Cell Lung Cancer","Stage IV"
NCT05751512,"Head and Neck Cancer","Stage IV"
NCT05754853,"Bladder Cancer","Stage IV"
NCT05755048,"Breast Cancer","Stage IV"
NCT05756569,"Bladder Cancer","Stage III"
NCT05756569,"Bladder Cancer","Stage IV"
NCT05756569,"Squamous Cell Carcinoma","Stage IV"
NCT05765032,"Lung Cancer","Stage IV"
NCT05765032,"Non-small Cell Lung Cancer","Stage IV"
NCT05765032,"Solid Tumors","Stage IV"
NCT05765851,"Breast Cancer","Stage IV"
NCT05765851,"Gastric Cancer","Stage IV"
NCT05765851,"Non-small Cell Lung Cancer","Stage IV"
NCT05765851,"Solid Tumors","Stage IV"
NCT05769010,"Breast Cancer","Stage IV"
NCT05770531,"Breast Cancer","Stage IV"
NCT05770531,"Triple-Negative Breast Cancer","Stage IV"
NCT05773937,"Bladder Cancer","Stage IV"
NCT05773937,"Solid Tumors","Stage IV"
NCT05785325,"Colorectal Cancer","Stage IV"
NCT05785728,"Solid Tumors","Stage IV"
NCT05785728,"Thyroid Cancer","Stage IV"
NCT05785741,"Breast Cancer","Stage IV"
NCT05785741,"Head and Neck Cancer","Stage IV"
NCT05785741,"Non-small Cell Lung Cancer","Stage IV"
NCT05785741,"Prostate Cancer","Stage IV"
NCT05785741,"Solid Tumors","Stage IV"
NCT05792410,"Breast Cancer","Stage IV"
NCT05795101,"Breast Cancer","Stage III"
NCT05805371,"Prostate Cancer","Stage IV"
NCT05814354,"Breast Cancer","Stage IV"
NCT05816252,"Non-small Cell Lung Cancer","Stage IV"
NCT05821933,"Non-small Cell Lung Cancer","Stage IV"
NCT05824325,"Breast Cancer","Stage IV"
NCT05834764,"Breast Cancer","Stage II"
NCT05834764,"Breast Cancer","Stage III"
NCT05836948,"Solid Tumors","Stage IV"
NCT05838521,"Cervical Cancer","Stage I"
NCT05838521,"Cervical Cancer","Stage II"
NCT05838521,"Cervical Cancer","Stage III"
NCT05838521,"Cervical Cancer","Stage IV"
NCT05840211,"Breast Cancer","Stage IV"
NCT05845138,"Breast Cancer","Stage IV"
NCT05845450,"Colorectal Cancer","Stage IV"
NCT05845814,"Bladder Cancer","Stage IV"
NCT05847764,"Non-small Cell Lung Cancer","Stage IV"
NCT05848466,"Biliary Tract Cancer","Stage IV"
NCT05848466,"Bladder Cancer","Stage IV"
NCT05848466,"Breast Cancer","Stage IV"
NCT05848466,"Colorectal Cancer","Stage IV"
NCT05848466,"Gastric Cancer","Stage IV"
NCT05848466,"Non-small Cell Lung Cancer","Stage IV"
NCT05848466,"Solid Tumors","Stage IV"
NCT05849246,"Non-small Cell Lung Cancer","Stage IV"
NCT05865990,"Breast Cancer","Stage IV"
NCT05865990,"Lung Cancer","Stage IV"
NCT05865990,"Non-small Cell Lung Cancer","Stage IV"
NCT05865990,"Solid Tumors","Stage IV"
NCT05865990,"Triple-Negative Breast Cancer","Stage IV"
NCT05866354,"Solid Tumors","Stage IV"
NCT05866432,"Triple-Negative Breast Cancer","Stage IV"
NCT05868226,"Breast Cancer","Stage IV"
NCT05868226,"Solid Tumors","Stage IV"
NCT05868226,"Triple-Negative Breast Cancer","Stage IV"
NCT05870319,"Non-small Cell Lung Cancer","Stage III"
NCT05870319,"Non-small Cell Lung Cancer","Stage IV"
NCT05872295,"Breast Cancer","Stage IV"
NCT05872295,"Gastric Cancer","Stage IV"
NCT05872295,"Gastroesophageal Junction","Stage IV"
NCT05872295,"Solid Tumors","Stage IV"
NCT05875168,"Biliary Tract Cancer","Stage IV"
NCT05875168,"Bladder Cancer","Stage IV"
NCT05875168,"Breast Cancer","Stage IV"
NCT05875168,"Non-small Cell Lung Cancer","Stage IV"
NCT05875168,"Ovarian Cancer","Stage IV"
NCT05875168,"Pancreatic Cancer","Stage IV"
NCT05875168,"Solid Tumors","Stage IV"
NCT05879627,"Hepatocellular Carcinoma","Stage III"
NCT05879627,"Hepatocellular Carcinoma","Stage IV"
NCT05879627,"Solid Tumors","Stage III"
NCT05879627,"Solid Tumors","Stage IV"
NCT05884320,"Head and Neck Cancer","Stage IV"
NCT05894824,"Gastroesophageal Junction","Stage IV"
NCT05898373,"Head and Neck Cancer","Stage IV"
NCT05900206,"Breast Cancer","Stage IV"
NCT05901935,"Breast Cancer","Stage IV"
NCT05904964,"Breast Cancer","Stage IV"
NCT05911295,"Bladder Cancer","Stage IV"
NCT05914116,"Esophageal Cancer","Stage III"
NCT05914116,"Esophageal Cancer","Stage IV"
NCT05914116,Melanoma,"Stage III"
NCT05914116,Melanoma,"Stage IV"
NCT05914116,"Non-small Cell Lung Cancer","Stage III"
NCT05914116,"Non-small Cell Lung Cancer","Stage IV"
NCT05914116,"Prostate Cancer","Stage III"
NCT05914116,"Prostate Cancer","Stage IV"
NCT05914116,"Small Cell Lung Cancer","Stage III"
NCT05914116,"Small Cell Lung Cancer","Stage IV"
NCT05914116,"Solid Tumors","Stage III"
NCT05914116,"Solid Tumors","Stage IV"
NCT05914545,"Solid Tumors","Stage IV"
NCT05915351,"Pancreatic Cancer","Stage IV"
NCT05919212,"Breast Cancer","Stage IV"
NCT05923008,"Solid Tumors","Stage IV"
NCT05923190,"Bladder Cancer","Stage IV"
NCT05924256,"Head and Neck Cancer","Stage IV"
NCT05928897,"Gastric Cancer","Stage IV"
NCT05930951,"Adenoid Cystic Carcinoma","Stage IV"
NCT05940896,"Bladder Cancer","Stage IV"
NCT05940896,"Cervical Cancer","Stage IV"
NCT05940896,"Esophageal Cancer","Stage IV"
NCT05940896,"Head and Neck Cancer","Stage IV"
NCT05940896,"Solid Tumors","Stage IV"
NCT05943379,"Bladder Cancer","Stage IV"
NCT05948865,"Breast Cancer","Stage IV"
NCT05948865,"Colorectal Cancer","Stage IV"
NCT05948865,"Head and Neck Cancer","Stage IV"
NCT05948865,"Lung Cancer","Stage IV"
NCT05948865,"Non-small Cell Lung Cancer","Stage IV"
NCT05948865,"Solid Tumors","Stage IV"
NCT05949619,"Non-small Cell Lung Cancer","Stage IV"
NCT05949619,"Solid Tumors","Stage IV"
NCT05950945,"Breast Cancer","Stage IV"
NCT05953168,"Breast Cancer","Stage IV"
NCT05953168,"Triple-Negative Breast Cancer","Stage IV"
NCT05954143,"Breast Cancer","Stage IV"
NCT05955209,"Prostate Cancer","Stage IV"
NCT05957471,"Solid Tumors","Stage IV"
NCT05957757,"Bladder Cancer","Stage IV"
NCT05980416,"Esophageal Cancer","Stage IV"
NCT05980416,"Gastric Cancer","Stage IV"
NCT05980416,"Gastroesophageal Junction","Stage IV"
NCT05980416,"Gastrointestinal Cancer","Stage IV"
NCT05980416,"Pancreatic Cancer","Stage IV"
NCT05980416,"Solid Tumors","Stage IV"
NCT05980481,"Gastric Cancer","Stage IV"
NCT05982678,"Breast Cancer","Stage IV"
NCT05982834,"Gastric Cancer","Stage IV"
NCT05990452,"Solid Tumors","Stage IV"
NCT05991349,"Solid Tumors","Stage IV"
NCT05994001,"Biliary Tract Cancer","Stage IV"
NCT06000033,"Breast Cancer","Stage IV"
NCT06001255,"Prostate Cancer","Stage IV"
NCT06001255,"Solid Tumors","Stage IV"
NCT06003231,"Endometrial Cancer","Stage IV"
NCT06003231,"Head and Neck Cancer","Stage IV"
NCT06003231,"Lung Cancer","Stage IV"
NCT06003231,"Non-small Cell Lung Cancer","Stage IV"
NCT06003231,"Ovarian Cancer","Stage IV"
NCT06003231,"Solid Tumors","Stage IV"
NCT06007729,"Head and Neck Cancer","Stage IV"
NCT06007729,"Solid Tumors","Stage IV"
NCT06008054,"Colorectal Cancer","Stage IV"
NCT06008054,"Esophageal Cancer","Stage IV"
NCT06008054,"Gastric Cancer","Stage IV"
NCT06008054,"Gastrointestinal Cancer","Stage IV"
NCT06008366,"Solid Tumors","Stage IV"
NCT06012435,"Non-small Cell Lung Cancer","Stage III"
NCT06012435,"Non-small Cell Lung Cancer","Stage IV"
NCT06014190,"Endometrial Cancer","Stage IV"
NCT06014190,"Fallopian tube Cancer","Stage IV"
NCT06014190,"Ovarian Cancer","Stage IV"
NCT06014190,"Peritoneal Cancer","Stage IV"
NCT06014190,"Solid Tumors","Stage IV"
NCT06014658,"Breast Cancer","Stage IV"
NCT06014658,"Non-small Cell Lung Cancer","Stage IV"
NCT06014658,"Solid Tumors","Stage IV"
NCT06014658,"Triple-Negative Breast Cancer","Stage IV"
NCT06015048,"Solid Tumors","Stage IV"
NCT06018337,"Breast Cancer","Stage IV"
PER-082-14,"Breast Cancer","Stage IV"
PER-082-14,"Gastric Cancer","Stage IV"
PER-082-14,"Gastrointestinal Cancer","Stage IV"
