nct_id,biomarker,biomarker_strategy
ACTRN12619000581167,CD30,"CD30 positive"
ACTRN12619001265167,HER2,"HER2 positive"
ACTRN12620000490976,MRD,"MRD assessment"
ChiCTR2000039157,EGFR,"EGFR positive"
ChiCTR2100048560,HER2,"HER2 positive"
ChiCTR2200060153,HER2,"HER2 positive"
ChiCTR2200060250,HER2,"HER2 positive"
ChiCTR2200062770,BRAF,"BRAF positive"
ChiCTR2200062770,BRAF,"BRAF wildtype"
ChiCTR2200062770,HER2,"HER2 assessment"
ChiCTR2200062770,HER2,"HER2 negative"
ChiCTR2200062770,HER2,"HER2 positive"
ChiCTR2200062770,KRAS,"KRAS positive"
ChiCTR2200062770,KRAS,"KRAS wildtype"
ChiCTR2200063838,HER2,"HER2 assessment"
ChiCTR2200063838,HER2,"HER2 positive"
ChiCTR2200065807,HER2,"HER2 positive"
ChiCTR2300067600,HER2,"HER2 positive"
ChiCTR2300068270,HER2,"HER2 positive"
ChiCTR2300068769,HER2,"HER2 negative"
ChiCTR2300068769,HER2,"HER2 positive"
ChiCTR2300068946,HER2,"HER2 assessment"
ChiCTR2300068946,HER2,"HER2 positive"
ChiCTR2300069410,PD-L1,"PD-L1 positive"
CTRI/2019/08/020544,HER2,"HER2 positive"
CTRI/2022/02/040116,HER2,"HER2 positive"
CTRI/2023/03/050491,EGFR,"EGFR positive"
CTRI/2023/03/050491,HER2,"HER2 positive"
CTRI/2023/05/052218,ALK,"ALK positive"
CTRI/2023/05/052218,BRAF,"BRAF positive"
CTRI/2023/05/052218,KRAS,"KRAS positive"
CTRI/2023/05/052218,PD-L1,"PD-L1 assessment"
CTRI/2023/05/052218,ROS1,"ROS1 positive"
EUCTR2005-000279-16-FI,HLA,"HLA positive"
EUCTR2013-003252-20-BE,CD138,"CD138 positive"
EUCTR2014-000793-19-ES,HER2,"HER2 positive"
EUCTR2014-000808-10-SE,HER2,"HER2 positive"
EUCTR2014-002195-90-DK,CD33,"CD33 positive"
EUCTR2014-002195-90-DK,FLT3,"FLT3 positive"
EUCTR2016-000227-71-FI,CD22,"CD22 assessment"
EUCTR2016-000227-71-FI,CD22,"CD22 positive"
EUCTR2016-000227-71-FI,CD8,"CD8 positive"
EUCTR2016-000227-71-FI,MRD,"MRD negative"
EUCTR2016-000227-71-FI,p53,"p53 positive"
EUCTR2019-003084-21-IT,CD30,"CD30 positive"
EUCTR2019-003084-21-IT,PD-L1,"PD-L1 assessment"
EUCTR2020-000273-24-GB,CD33,"CD33 positive"
EUCTR2020-000273-24-GB,FLT3,"FLT3 positive"
EUCTR2020-000273-24-GB,NPM1,"NPM1 positive"
EUCTR2021-003526-80-CZ,ALK,"ALK positive"
EUCTR2021-003526-80-CZ,ALK,"ALK wildtype"
EUCTR2021-003526-80-CZ,CD30,"CD30 positive"
JPRN-jRCT2011210017,HER2,"HER2 positive"
JPRN-jRCT2031200186,ALK,"ALK positive"
JPRN-jRCT2031200186,EGFR,"EGFR positive"
JPRN-jRCT2031200186,ROS1,"ROS1 positive"
JPRN-jRCT2051220070,HER2,"HER2 positive"
JPRN-jRCT2061220066,BRAF,"BRAF positive"
JPRN-jRCT2061220066,EGFR,"EGFR wildtype"
JPRN-jRCT2061220066,PD-L1,"PD-L1 assessment"
JPRN-jRCTs031200336,HER2,"HER2 positive"
JPRN-jRCTs031210410,HER2,"HER2 positive"
JPRN-jRCTs041190101,CD33,"CD33 positive"
JPRN-UMIN000014649,HER2,"HER2 positive"
JPRN-UMIN000014649,HR,"HR positive"
JPRN-UMIN000030783,HER2,"HER2 positive"
JPRN-UMIN000034205,CD30,"CD30 positive"
NCT00135200,CD19,"CD19 positive"
NCT00135200,CD20,"CD20 positive"
NCT01352520,CD30,"CD30 positive"
NCT01371630,BCL,"BCL2 positive"
NCT01371630,BCL,"BCL6 positive"
NCT01371630,BCR-ABL,"BCR-ABL1 positive"
NCT01371630,CD22,"CD22 positive"
NCT01371630,MYC,"MYC positive"
NCT01494662,HER2,"HER2 negative"
NCT01494662,HER2,"HER2 positive"
NCT01565200,HER2,"HER2 assessment"
NCT01565200,HER2,"HER2 negative"
NCT01565200,HER2,"HER2 positive"
NCT01703949,CD30,"CD30 positive"
NCT01716806,CD30,"CD30 positive"
NCT01745965,HER2,"HER2 assessment"
NCT01745965,HER2,"HER2 negative"
NCT01745965,HER2,"HER2 positive"
NCT01745965,HR,"HR positive"
NCT01745965,PgR,"PgR positive"
NCT01771107,CD30,"CD30 positive"
NCT01772472,HER2,"HER2 assessment"
NCT01772472,HER2,"HER2 negative"
NCT01772472,HER2,"HER2 positive"
NCT01853748,HER2,"HER2 positive"
NCT01868451,CD30,"CD30 positive"
NCT01920932,CD30,"CD30 positive"
NCT01979536,ALK,"ALK assessment"
NCT01979536,ALK,"ALK positive"
NCT01979536,ALK,"ALK wildtype"
NCT01979536,CD30,"CD30 positive"
NCT02098512,CD30,"CD30 positive"
NCT02099058,EGFR,"EGFR positive"
NCT02099058,EGFR,"EGFR wildtype"
NCT02099058,MET,"MET assessment"
NCT02099058,MET,"MET negative"
NCT02099058,MET,"MET positive"
NCT02152995,BRAF,"BRAF positive"
NCT02152995,BRAF,"BRAF wildtype"
NCT02152995,KRAS,"KRAS positive"
NCT02152995,RAS,"RAS negative"
NCT02152995,RAS,"RAS positive"
NCT02187848,CEA,"CEA assessment"
NCT02187848,CEA,"CEA positive"
NCT02221310,CD33,"CD33 positive"
NCT02226276,HER2,"HER2 assessment"
NCT02226276,HER2,"HER2 negative"
NCT02226276,HER2,"HER2 positive"
NCT02227199,CD30,"CD30 positive"
NCT02272478,MRD,"MRD assessment"
NCT02272478,MRD,"MRD negative"
NCT02272478,MRD,"MRD positive"
NCT02298257,CD30,"CD30 positive"
NCT02298257,CD8,"CD8 assessment"
NCT02314481,ALK,"ALK positive"
NCT02314481,ALK,"ALK wildtype"
NCT02314481,BRAF,"BRAF positive"
NCT02314481,CTCs,"CTCs positive"
NCT02314481,HER2,"HER2 assessment"
NCT02314481,HER2,"HER2 positive"
NCT02314481,RET,"RET positive"
NCT02326974,BRCA,"BRCA positive"
NCT02326974,ER,"ER assessment"
NCT02326974,HER2,"HER2 assessment"
NCT02326974,HER2,"HER2 negative"
NCT02326974,HER2,"HER2 positive"
NCT02326974,HR,"HR assessment"
NCT02326974,PgR,"PgR assessment"
NCT02390427,HER2,"HER2 assessment"
NCT02390427,HER2,"HER2 negative"
NCT02390427,HER2,"HER2 positive"
NCT02448420,ctDNA,"ctDNA assessment"
NCT02448420,HR,"HR negative"
NCT02465060,AKT,"AKT positive"
NCT02465060,ALK,"ALK positive"
NCT02465060,BCL,"BCL1 positive"
NCT02465060,BRAF,"BRAF positive"
NCT02465060,BRCA,"BRCA positive"
NCT02465060,CDK4,"CDK4 positive"
NCT02465060,CDK6,"CDK6 positive"
NCT02465060,EGFR,"EGFR positive"
NCT02465060,FGFR,"FGFR positive"
NCT02465060,FGFR,"FGFR1 positive"
NCT02465060,GNA11,"GNA11 positive"
NCT02465060,GNAQ,"GNAQ positive"
NCT02465060,HER2,"HER2 positive"
NCT02465060,KIT,"KIT positive"
NCT02465060,LAG-3,"LAG-3 positive"
NCT02465060,MET,"MET positive"
NCT02465060,MLH,"MLH1 positive"
NCT02465060,MSH2/6,"MSH2/6 positive"
NCT02465060,MSI-H,MSI-H
NCT02465060,MSI-H,"MSI-H positive"
NCT02465060,mTor,"mTor positive"
NCT02465060,NRAS,"NRAS positive"
NCT02465060,NTRK,"NTRK1 positive"
NCT02465060,NTRK,"NTRK3 positive"
NCT02465060,PI3k,"PI3k positive"
NCT02465060,PIK3CA,"PIK3CA positive"
NCT02465060,PTEN,"PTEN positive"
NCT02465060,ROS1,"ROS1 positive"
NCT02465060,SMO,"SMO positive"
NCT02465060,TSC,"TSC positive"
NCT02564900,HER2,"HER2 low"
NCT02564900,HER2,"HER2 positive"
NCT02568839,HER2,"HER2 positive"
NCT02588651,CD30,"CD30 positive"
NCT02616965,CD30,"CD30 negative"
NCT02665065,FLT3,"FLT3 positive"
NCT02665065,IDH,"IDH1 positive"
NCT02675829,HER2,"HER2 assessment"
NCT02675829,HER2,"HER2 negative"
NCT02675829,HER2,"HER2 positive"
NCT02734771,CD30,"CD30 negative"
NCT02734771,CD30,"CD30 positive"
NCT02744612,CD30,"CD30 positive"
NCT02877303,CD22,"CD22 positive"
NCT02877303,MRD,"MRD assessment"
NCT02980341,EGFR,"EGFR assessment"
NCT02980341,HER2,"HER2 negative"
NCT02980341,HER3,"HER3 positive"
NCT02980341,HR,"HR negative"
NCT02980341,HR,"HR positive"
NCT02981628,CD22,"CD22 negative"
NCT02981628,CD22,"CD22 positive"
NCT02981628,MRD,"MRD assessment"
NCT02981628,MRD,"MRD negative"
NCT02996825,HR,"HR negative"
NCT03007030,CD30,"CD30 assessment"
NCT03007030,CD30,"CD30 positive"
NCT03013933,CD30,"CD30 positive"
NCT03032107,HER2,"HER2 positive"
NCT03032107,HR,"HR positive"
NCT03052634,HER2,"HER2 low"
NCT03052634,HER2,"HER2 positive"
NCT03104491,BCL,"BCL2 positive"
NCT03104491,BCL,"BCL6 positive"
NCT03104491,CD22,"CD22 positive"
NCT03104491,MYC,"MYC positive"
NCT03113500,ALK,"ALK positive"
NCT03113500,ALK,"ALK wildtype"
NCT03113500,CD30,"CD30 positive"
NCT03113500,MRD,"MRD assessment"
NCT03113500,MRD,"MRD negative"
NCT03126630,Mesothelin,"Mesothelin positive"
NCT03126630,PD-L1,"PD-L1 assessment"
NCT03126916,ALK,"ALK assessment"
NCT03126916,ALK,"ALK positive"
NCT03126916,ALK,"ALK wildtype"
NCT03126916,ctDNA,"ctDNA assessment"
NCT03187210,ALK,"ALK assessment"
NCT03187210,ALK,"ALK positive"
NCT03187210,CD30,"CD30 positive"
NCT03217643,CD30,"CD30 positive"
NCT03248492,HER2,"HER2 positive"
NCT03249870,CD22,"CD22 positive"
NCT03255070,HER2,"HER2 assessment"
NCT03255070,HER2,"HER2 negative"
NCT03255070,HER2,"HER2 positive"
NCT03260491,ALK,"ALK positive"
NCT03260491,EGFR,"EGFR positive"
NCT03260491,EGFR,"EGFR wildtype"
NCT03260491,ROS1,"ROS1 positive"
NCT03264131,CD30,"CD30 assessment"
NCT03264131,CD30,"CD30 positive"
NCT03264547,ctDNA,"ctDNA assessment"
NCT03264547,HER2,"HER2 positive"
NCT03264547,HER3,"HER3 assessment"
NCT03264547,PIK3CA,"PIK3CA assessment"
NCT03274492,ALK,"ALK positive"
NCT03274492,BCL,"BCL2 positive"
NCT03274492,BCL,"BCL6 positive"
NCT03274492,CD20,"CD20 positive"
NCT03274492,HHV8,"HHV8 positive"
NCT03274492,MYC,"MYC positive"
NCT03310957,PD-L1,"PD-L1 assessment"
NCT03319628,PgR,"PgR assessment"
NCT03337698,PD-1,"PD-1 positive"
NCT03337698,PD-L1,"PD-L1 positive"
NCT03356054,CD30,"CD30 assessment"
NCT03356054,CD30,"CD30 positive"
NCT03374332,CD3,"CD3 assessment"
NCT03379428,HER2,"HER2 positive"
NCT03383692,HER2,"HER2 assessment"
NCT03383692,HER2,"HER2 negative"
NCT03383692,HER2,"HER2 positive"
NCT03386513,CD123,"CD123 positive"
NCT03401385,HER2,"HER2 low"
NCT03401385,HR,"HR negative"
NCT03409432,CD30,"CD30 positive"
NCT03424005,HER2,"HER2 low"
NCT03424005,PD-L1,"PD-L1 positive"
NCT03424005,PIK3CA,"PIK3CA positive"
NCT03425279,PD-1,"PD-1 positive"
NCT03441061,BCR-ABL,"BCR-ABL1 positive"
NCT03441061,MRD,"MRD assessment"
NCT03441061,MRD,"MRD negative"
NCT03441061,MRD,"MRD positive"
NCT03460522,CD22,"CD22 positive"
NCT03474133,CD30,"CD30 positive"
NCT03485209,PD-L1,"PD-L1 positive"
NCT03500380,HER2,"HER2 positive"
NCT03504488,PD-1,"PD-1 positive"
NCT03504488,TS,"TS positive"
NCT03505710,HER2,"HER2 assessment"
NCT03505710,HER2,"HER2 negative"
NCT03505710,HER2,"HER2 positive"
NCT03523572,HER2,"HER2 low"
NCT03523572,HER2,"HER2 positive"
NCT03523572,HR,"HR positive"
NCT03523585,HER2,"HER2 assessment"
NCT03523585,HER2,"HER2 negative"
NCT03523585,HER2,"HER2 positive"
NCT03527628,CD30,"CD30 positive"
NCT03529110,HER2,"HER2 assessment"
NCT03529110,HER2,"HER2 negative"
NCT03529110,HER2,"HER2 positive"
NCT03533283,CD20,"CD20 positive"
NCT03533283,CD8,"CD8 assessment"
NCT03539536,EGFR,"EGFR assessment"
NCT03539536,EGFR,"EGFR positive"
NCT03539536,EGFR,"EGFR wildtype"
NCT03539536,MET,"MET assessment"
NCT03539536,MET,"MET positive"
NCT03540849,CD30,"CD30 positive"
NCT03552471,BRCA,"BRCA positive"
NCT03552471,BRCA,"BRCA wildtype"
NCT03552471,BRCA,"BRCA1 positive"
NCT03552471,BRCA,"BRCA2 positive"
NCT03576378,CD30,"CD30 positive"
NCT03587311,BRCA,"BRCA assessment"
NCT03587311,Ca125,"Ca125 assessment"
NCT03587311,Ca125,"Ca125 positive"
NCT03587311,Mesothelin,"Mesothelin positive"
NCT03587740,HR,"HR negative"
NCT03589729,BCR-ABL,"BCR-ABL1 positive"
NCT03595059,ALK,"ALK positive"
NCT03595059,BRAF,"BRAF positive"
NCT03595059,EGFR,"EGFR positive"
NCT03595059,HER2,"HER2 negative"
NCT03595059,HER2,"HER2 positive"
NCT03595059,HR,"HR positive"
NCT03595059,PD-L1,"PD-L1 positive"
NCT03595059,ROS1,"ROS1 positive"
NCT03610438,MRD,"MRD positive"
NCT03672539,CD33,"CD33 positive"
NCT03698552,BCR-ABL,"BCR-ABL1 positive"
NCT03698552,CD22,"CD22 positive"
NCT03703050,ALK,"ALK positive"
NCT03703050,ALK,"ALK wildtype"
NCT03709082,ER,"ER positive"
NCT03709082,HER2,"HER2 positive"
NCT03709082,HR,"HR positive"
NCT03712202,CD30,"CD30 positive"
NCT03719105,ALK,"ALK wildtype"
NCT03726879,ER,"ER assessment"
NCT03726879,ER,"ER negative"
NCT03726879,ER,"ER positive"
NCT03726879,HER2,"HER2 assessment"
NCT03726879,HER2,"HER2 negative"
NCT03726879,HER2,"HER2 positive"
NCT03726879,PD-L1,"PD-L1 assessment"
NCT03726879,PgR,"PgR assessment"
NCT03726879,PgR,"PgR negative"
NCT03726879,PgR,"PgR positive"
NCT03726879,PIK3CA,"PIK3CA assessment"
NCT03732703,BRAF,"BRAF positive"
NCT03732703,FGFR,"FGFR3 positive"
NCT03732703,IDH,"IDH2 positive"
NCT03732703,KRAS,"KRAS positive"
NCT03732703,NRAS,"NRAS positive"
NCT03734029,HER2,"HER2 assessment"
NCT03734029,HER2,"HER2 low"
NCT03734029,HER2,"HER2 negative"
NCT03734029,HR,"HR negative"
NCT03734029,HR,"HR positive"
NCT03737955,CD33,"CD33 positive"
NCT03737955,MRD,"MRD assessment"
NCT03737955,MRD,"MRD negative"
NCT03737955,MRD,"MRD positive"
NCT03742102,PD-L1,"PD-L1 positive"
NCT03755141,HER2,"HER2 positive"
NCT03755804,CD30,"CD30 positive"
NCT03805932,BRAF,"BRAF positive"
NCT03805932,BRAF,"BRAF wildtype"
NCT03805932,CD22,"CD22 negative"
NCT03805932,CD22,"CD22 positive"
NCT03805932,CD25,"CD25 negative"
NCT03805932,CD25,"CD25 positive"
NCT03809013,HER2,"HER2 assessment"
NCT03809013,HER2,"HER2 positive"
NCT03809624,MSI-H,MSI-H
NCT03809624,PD-L1,"PD-L1 positive"
NCT03809624,TMB,TMB-hi
NCT03816358,CD8,"CD8 assessment"
NCT03816358,Mesothelin,"Mesothelin assessment"
NCT03816358,Mesothelin,"Mesothelin positive"
NCT03820063,HER2,"HER2 positive"
NCT03820063,HR,"HR negative"
NCT03829540,CD3,"CD3 positive"
NCT03835819,CDK4,"CDK4 positive"
NCT03835819,MSI-H,"MSI-H positive"
NCT03835819,MSI-L,MSS
NCT03835819,mTor,"mTor positive"
NCT03835819,PI3k,"PI3k positive"
NCT03848845,PD-1,"PD-1 positive"
NCT03856216,CD22,"CD22 positive"
NCT03859752,MET,"MET positive"
NCT03869190,PD-L1,"PD-L1 positive"
NCT03878524,BCR-ABL,"BCR-ABL1 negative"
NCT03878524,BCR-ABL,"BCR-ABL1 positive"
NCT03878524,EGFR,"EGFR wildtype"
NCT03878524,HER2,"HER2 negative"
NCT03894150,CD30,"CD30 positive"
NCT03900949,CD33,"CD33 positive"
NCT03900949,FLT3,"FLT3 positive"
NCT03901339,EGFR,"EGFR wildtype"
NCT03901339,HER2,"HER2 assessment"
NCT03901339,HER2,"HER2 negative"
NCT03901339,HER2,"HER2 positive"
NCT03901339,HR,"HR positive"
NCT03904251,CD33,"CD33 assessment"
NCT03904251,CD33,"CD33 positive"
NCT03913559,CD22,"CD22 positive"
NCT03913559,MRD,"MRD assessment"
NCT03913559,MRD,"MRD negative"
NCT03913559,MRD,"MRD positive"
NCT03924895,PD-L1,"PD-L1 assessment"
NCT03924895,PD-L1,"PD-L1 positive"
NCT03944499,HER2,"HER2 assessment"
NCT03944499,HER2,"HER2 low"
NCT03944499,HER2,"HER2 positive"
NCT03944772,EGFR,"EGFR positive"
NCT03959085,CD22,"CD22 positive"
NCT03959085,ETV6,"ETV6 positive"
NCT03959085,MRD,"MRD positive"
NCT03959085,RUNX1,"RUNX1 positive"
NCT03971409,ER,"ER negative"
NCT03971409,HR,"HR negative"
NCT03971409,PD-L1,"PD-L1 positive"
NCT03971409,PgR,"PgR negative"
NCT03975647,HER2,"HER2 assessment"
NCT03975647,HER2,"HER2 negative"
NCT03975647,HER2,"HER2 positive"
NCT04014075,HER2,"HER2 assessment"
NCT04014075,HER2,"HER2 negative"
NCT04014075,HER2,"HER2 positive"
NCT04015778,PD-L1,"PD-L1 assessment"
NCT04032704,ALK,"ALK wildtype"
NCT04032704,BRAF,"BRAF wildtype"
NCT04032704,BRCA,"BRCA wildtype"
NCT04032704,EGFR,"EGFR positive"
NCT04032704,EGFR,"EGFR wildtype"
NCT04032704,HER2,"HER2 negative"
NCT04032704,MEK,"MEK positive"
NCT04032704,PSA,"PSA positive"
NCT04032704,ROS1,"ROS1 wildtype"
NCT04042701,ALK,"ALK positive"
NCT04042701,BRAF,"BRAF positive"
NCT04042701,EGFR,"EGFR positive"
NCT04042701,EGFR,"EGFR wildtype"
NCT04042701,HER2,"HER2 assessment"
NCT04042701,HER2,"HER2 low"
NCT04042701,HER2,"HER2 positive"
NCT04042701,HR,"HR positive"
NCT04042701,ROS1,"ROS1 positive"
NCT04042701,ROS1,"ROS1 wildtype"
NCT04050280,CD33,"CD33 positive"
NCT04050280,MRD,"MRD positive"
NCT04070768,CD33,"CD33 positive"
NCT04073602,HER2,"HER2 negative"
NCT04077723,CD19,"CD19 positive"
NCT04077723,CD20,"CD20 positive"
NCT04077723,CD3,"CD3 assessment"
NCT04077723,Ki67,"Ki67 positive"
NCT04086264,CD123,"CD123 positive"
NCT04086264,MRD,"MRD positive"
NCT04132960,HER2,"HER2 assessment"
NCT04132960,HER2,"HER2 low"
NCT04132960,HER2,"HER2 negative"
NCT04132960,HER2,"HER2 positive"
NCT04132960,HR,"HR positive"
NCT04146610,HER2,"HER2 positive"
NCT04151329,HER2,"HER2 positive"
NCT04152499,BRCA,"BRCA positive"
NCT04152499,CDK4,"CDK4 positive"
NCT04152499,EGFR,"EGFR wildtype"
NCT04154956,CEA,"CEA positive"
NCT04158947,ALK,"ALK assessment"
NCT04158947,HER2,"HER2 positive"
NCT04162210,MRD,"MRD assessment"
NCT04168502,MRD,"MRD assessment"
NCT04168502,MRD,"MRD negative"
NCT04175847,Mesothelin,"Mesothelin positive"
NCT04185649,HER2,"HER2 positive"
NCT04189211,HER2,"HER2 positive"
NCT04197687,HER2,"HER2 assessment"
NCT04197687,HER2,"HER2 negative"
NCT04197687,HER2,"HER2 positive"
NCT04197687,HR,"HR positive"
NCT04207190,CD33,"CD33 positive"
NCT04223856,PD-L1,"PD-L1 assessment"
NCT04225117,ALK,"ALK positive"
NCT04225117,BRAF,"BRAF positive"
NCT04225117,EGFR,"EGFR positive"
NCT04225117,EGFR,"EGFR wildtype"
NCT04225117,ER,"ER negative"
NCT04225117,HER2,"HER2 negative"
NCT04225117,HPV,"HPV assessment"
NCT04225117,HPV,"HPV positive"
NCT04225117,HR,"HR negative"
NCT04225117,HR,"HR positive"
NCT04225117,PD-1,"PD-1 positive"
NCT04225117,PD-L1,"PD-L1 positive"
NCT04225117,PgR,"PgR negative"
NCT04225117,ROS1,"ROS1 positive"
NCT04230109,ctDNA,"ctDNA negative"
NCT04230109,ER,"ER negative"
NCT04230109,ER,"ER positive"
NCT04230109,HER2,"HER2 negative"
NCT04230109,HER2,"HER2 positive"
NCT04230109,HR,"HR negative"
NCT04230109,HR,"HR positive"
NCT04230109,PgR,"PgR negative"
NCT04230109,PgR,"PgR positive"
NCT04231877,ALK,"ALK positive"
NCT04231877,ALK,"ALK wildtype"
NCT04231877,BCL,"BCL2 positive"
NCT04231877,BCL,"BCL6 positive"
NCT04231877,CD79,"CD79b positive"
NCT04231877,MYC,"MYC positive"
NCT04246047,MRD,"MRD assessment"
NCT04254107,CD30,"CD30 positive"
NCT04255056,HER2,"HER2 positive"
NCT04257110,ER,"ER positive"
NCT04257110,HER2,"HER2 assessment"
NCT04257110,HER2,"HER2 low"
NCT04257110,HER2,"HER2 positive"
NCT04257110,HR,"HR positive"
NCT04257110,PgR,"PgR positive"
NCT04266249,CTCs,"CTCs assessment"
NCT04266249,HER2,"HER2 assessment"
NCT04266249,HER2,"HER2 negative"
NCT04266249,HER2,"HER2 positive"
NCT04266249,HR,"HR negative"
NCT04266249,HR,"HR positive"
NCT04266249,TIL,"TIL positive"
NCT04274426,BRCA,"BRCA positive"
NCT04274426,BRCA,"BRCA wildtype"
NCT04274426,BRCA,"BRCA1 positive"
NCT04274426,BRCA,"BRCA2 positive"
NCT04280341,HER2,"HER2 negative"
NCT04280341,HER2,"HER2 positive"
NCT04293562,AR,"AR positive"
NCT04293562,CEBPA,"CEBPA positive"
NCT04293562,FLT3,"FLT3 assessment"
NCT04293562,FLT3,"FLT3 negative"
NCT04293562,FLT3,"FLT3 positive"
NCT04293562,MRD,"MRD positive"
NCT04293562,NPM1,"NPM1 positive"
NCT04294628,CD8,"CD8 positive"
NCT04294628,ctDNA,"ctDNA positive"
NCT04294628,DDR,"DDR assessment"
NCT04294628,HER2,"HER2 assessment"
NCT04294628,HER2,"HER2 negative"
NCT04294628,HER2,"HER2 positive"
NCT04294628,PD-L1,"PD-L1 assessment"
NCT04300556,ALK,"ALK wildtype"
NCT04300556,EGFR,"EGFR assessment"
NCT04300556,EGFR,"EGFR positive"
NCT04300556,ROS1,"ROS1 wildtype"
NCT04301375,HER2,"HER2 positive"
NCT04301375,HR,"HR positive"
NCT04305795,EGFR,"EGFR positive"
NCT04305795,PD-L1,"PD-L1 positive"
NCT04307576,BCL,"BCL2 positive"
NCT04307576,BCR-ABL,"BCR-ABL1 positive"
NCT04307576,CD19,"CD19 assessment"
NCT04307576,CD22,"CD22 assessment"
NCT04307576,MYC,"MYC positive"
NCT04307576,TPMT,"TPMT positive"
NCT04311034,EGFR,"EGFR positive"
NCT04311034,EGFR,"EGFR wildtype"
NCT04311034,HER2,"HER2 assessment"
NCT04311034,HER2,"HER2 positive"
NCT04323956,BCL,"BCL2 positive"
NCT04323956,BCL,"BCL6 positive"
NCT04323956,MYC,"MYC positive"
NCT04329429,HER2,"HER2 positive"
NCT04378647,CD30,"CD30 positive"
NCT04379596,HER2,"HER2 assessment"
NCT04379596,HER2,"HER2 negative"
NCT04379596,HER2,"HER2 positive"
NCT04381832,PSA,"PSA positive"
NCT04384484,BCL,"BCL2 positive"
NCT04384484,BCL,"BCL6 positive"
NCT04384484,MYC,"MYC positive"
NCT04385290,CD33,"CD33 assessment"
NCT04385290,FLT3,"FLT3 positive"
NCT04389632,PD-1,"PD-1 positive"
NCT04394624,CEA,"CEA positive"
NCT04398914,HER2,"HER2 positive"
NCT04400695,HER2,"HER2 low"
NCT04400695,HR,"HR negative"
NCT04400695,HR,"HR positive"
NCT04404283,CD30,"CD30 assessment"
NCT04404283,CD30,"CD30 positive"
NCT04419181,HER2,"HER2 positive"
NCT04434040,ctDNA,"ctDNA negative"
NCT04434040,ctDNA,"ctDNA positive"
NCT04434040,ER,"ER negative"
NCT04434040,HER2,"HER2 negative"
NCT04434040,PgR,"PgR negative"
NCT04434040,TS,"TS positive"
NCT04439110,HER2,"HER2 assessment"
NCT04439110,HER2,"HER2 negative"
NCT04439110,HER2,"HER2 positive"
NCT04446260,HER2,"HER2 negative"
NCT04446260,HER2,"HER2 positive"
NCT04448886,ER,"ER negative"
NCT04448886,HER2,"HER2 assessment"
NCT04448886,HER2,"HER2 negative"
NCT04448886,HR,"HR positive"
NCT04448886,PD-L1,"PD-L1 positive"
NCT04450732,HER2,"HER2 assessment"
NCT04450732,HER2,"HER2 negative"
NCT04450732,HER2,"HER2 positive"
NCT04454437,BRCA,"BRCA positive"
NCT04454437,BRCA,"BRCA1 positive"
NCT04454437,BRCA,"BRCA2 positive"
NCT04454437,ctDNA,"ctDNA negative"
NCT04454437,ER,"ER negative"
NCT04454437,HER2,"HER2 negative"
NCT04454437,PgR,"PgR negative"
NCT04457596,ER,"ER positive"
NCT04457596,HER2,"HER2 assessment"
NCT04457596,HER2,"HER2 positive"
NCT04457596,HR,"HR negative"
NCT04457596,HR,"HR positive"
NCT04457596,PgR,"PgR positive"
NCT04460456,HER2,"HER2 positive"
NCT04460456,PD-1,"PD-1 positive"
NCT04468061,ER,"ER negative"
NCT04468061,HER2,"HER2 negative"
NCT04468061,PD-L1,"PD-L1 negative"
NCT04468061,PgR,"PgR negative"
NCT04479267,BCL,"BCL2 positive"
NCT04479267,BCL,"BCL6 positive"
NCT04479267,CD79,"CD79b positive"
NCT04479267,MYC,"MYC positive"
NCT04482309,HER2,"HER2 assessment"
NCT04482309,HER2,"HER2 positive"
NCT04484142,ALK,"ALK positive"
NCT04484142,BRAF,"BRAF positive"
NCT04484142,EGFR,"EGFR positive"
NCT04484142,MET,"MET positive"
NCT04484142,MET,"METex14 positive"
NCT04484142,NTRK,"NTRK positive"
NCT04484142,RET,"RET negative"
NCT04484142,RET,"RET positive"
NCT04484142,ROS1,"ROS1 positive"
NCT04484623,MRD,"MRD assessment"
NCT04486352,NULL,NULL
NCT04486352,AKT,"AKT1 positive"
NCT04486352,HER2,"HER2 positive"
NCT04486352,MSI-H,MSI-H
NCT04486352,PIK3CA,"PIK3CA positive"
NCT04486352,PTEN,"PTEN negative"
NCT04486352,TMB,tTMB
NCT04491370,CD20,"CD20 positive"
NCT04492488,HER2,"HER2 positive"
NCT04494425,CDK4,"CDK4 positive"
NCT04494425,ctDNA,"ctDNA negative"
NCT04494425,HER2,"HER2 assessment"
NCT04494425,HER2,"HER2 low"
NCT04494425,HER2,"HER2 negative"
NCT04494425,HR,"HR positive"
NCT04509596,HER2,"HER2 positive"
NCT04513223,HER2,"HER2 positive"
NCT04524689,BRAF,"BRAF wildtype"
NCT04524689,CEA,"CEA positive"
NCT04524689,EGFR,"EGFR wildtype"
NCT04524689,ROS1,"ROS1 wildtype"
NCT04526691,ALK,"ALK positive"
NCT04526691,ALK,"ALK wildtype"
NCT04526691,BRAF,"BRAF wildtype"
NCT04526691,EGFR,"EGFR positive"
NCT04526691,EGFR,"EGFR wildtype"
NCT04526691,KRAS,"KRAS positive"
NCT04526691,MET,"MET negative"
NCT04526691,ROS1,"ROS1 positive"
NCT04526691,ROS1,"ROS1 wildtype"
NCT04538742,ER,"ER negative"
NCT04538742,HER2,"HER2 assessment"
NCT04538742,HER2,"HER2 positive"
NCT04538742,HR,"HR negative"
NCT04538742,HR,"HR positive"
NCT04538742,PgR,"PgR negative"
NCT04539938,HER2,"HER2 assessment"
NCT04539938,HER2,"HER2 negative"
NCT04539938,HER2,"HER2 positive"
NCT04553770,HER2,"HER2 assessment"
NCT04553770,HER2,"HER2 low"
NCT04553770,HER2,"HER2 negative"
NCT04553770,HR,"HR positive"
NCT04553770,Ki67,"Ki67 positive"
NCT04561206,CD30,"CD30 positive"
NCT04561362,ALK,"ALK positive"
NCT04561362,EGFR,"EGFR positive"
NCT04561362,EGFR,"EGFR wildtype"
NCT04561362,ROS1,"ROS1 positive"
NCT04569032,CD30,"CD30 negative"
NCT04569032,CD30,"CD30 positive"
NCT04578106,ER,"ER negative"
NCT04578106,ER,"ER positive"
NCT04578106,HER2,"HER2 assessment"
NCT04578106,HER2,"HER2 positive"
NCT04578106,PgR,"PgR negative"
NCT04578106,PgR,"PgR positive"
NCT04585958,EGFR,"EGFR assessment"
NCT04585958,HER2,"HER2 assessment"
NCT04585958,HER2,"HER2 negative"
NCT04585958,HER2,"HER2 positive"
NCT04587687,CD30,"CD30 positive"
NCT04589845,AKT,"AKT1 positive"
NCT04589845,ALK,"ALK positive"
NCT04589845,ATM,"ATM positive"
NCT04589845,BRAF,"BRAF positive"
NCT04589845,ctDNA,"ctDNA assessment"
NCT04589845,HER2,"HER2 positive"
NCT04589845,NTRK,"NTRK1 positive"
NCT04589845,p53,"p53 negative"
NCT04589845,PIK3CA,"PIK3CA positive"
NCT04589845,RET,"RET positive"
NCT04589845,ROS1,"ROS1 positive"
NCT04589845,TMB,TMB-hi
NCT04591431,AKT,"AKT positive"
NCT04591431,ALK,"ALK positive"
NCT04591431,ALK,"ALK wildtype"
NCT04591431,ATM,"ATM positive"
NCT04591431,BRCA,"BRCA positive"
NCT04591431,CDK4,"CDK4 positive"
NCT04591431,CDKN2A/p16,"CDKN2A/p16 positive"
NCT04591431,ctDNA,"ctDNA assessment"
NCT04591431,EGFR,"EGFR positive"
NCT04591431,EGFR,"EGFR wildtype"
NCT04591431,FGFR,"FGFR1 positive"
NCT04591431,HER2,"HER2 negative"
NCT04591431,MET,"MET positive"
NCT04591431,MSI-H,MSI-H
NCT04591431,mTor,"mTor positive"
NCT04591431,NTRK,"NTRK1 positive"
NCT04591431,PD-L1,"PD-L1 positive"
NCT04591431,PI3k,"PI3k positive"
NCT04591431,PTEN,"PTEN positive"
NCT04591431,RET,"RET positive"
NCT04591431,ROS1,"ROS1 positive"
NCT04591431,SMO,"SMO positive"
NCT04591431,TMB,TMB-hi
NCT04594798,BCL,"BCL2 positive"
NCT04594798,BCL,"BCL6 positive"
NCT04594798,MYC,"MYC positive"
NCT04595565,BRCA,"BRCA wildtype"
NCT04595565,BRCA,"BRCA1 positive"
NCT04595565,BRCA,"BRCA2 positive"
NCT04595565,HER2,"HER2 negative"
NCT04595565,HR,"HR negative"
NCT04595565,HR,"HR positive"
NCT04595565,TIL,"TIL assessment"
NCT04596150,HER2,"HER2 negative"
NCT04596150,HR,"HR positive"
NCT04596150,PD-L1,"PD-L1 positive"
NCT04606914,BRCA,"BRCA wildtype"
NCT04609566,ALK,"ALK wildtype"
NCT04609566,BRAF,"BRAF wildtype"
NCT04609566,EGFR,"EGFR wildtype"
NCT04609566,ROS1,"ROS1 wildtype"
NCT04610528,ER,"ER positive"
NCT04610528,HER2,"HER2 negative"
NCT04610528,HER3,"HER3 assessment"
NCT04610528,HER3,"HER3 positive"
NCT04610528,HR,"HR positive"
NCT04610528,PgR,"PgR positive"
NCT04610528,TIL,"TIL positive"
NCT04612751,ALK,"ALK wildtype"
NCT04612751,BRAF,"BRAF wildtype"
NCT04612751,MET,"MET negative"
NCT04612751,PD-L1,"PD-L1 positive"
NCT04612751,RET,"RET negative"
NCT04617314,MET,"MET positive"
NCT04619004,ALK,"ALK positive"
NCT04619004,ALK,"ALK wildtype"
NCT04619004,EGFR,"EGFR assessment"
NCT04619004,EGFR,"EGFR positive"
NCT04619004,EGFR,"EGFR wildtype"
NCT04619004,ROS1,"ROS1 positive"
NCT04619004,ROS1,"ROS1 wildtype"
NCT04620187,HER2,"HER2 assessment"
NCT04620187,HER2,"HER2 negative"
NCT04620187,HER2,"HER2 positive"
NCT04622319,ER,"ER negative"
NCT04622319,ER,"ER positive"
NCT04622319,HER2,"HER2 assessment"
NCT04622319,HER2,"HER2 negative"
NCT04622319,HER2,"HER2 positive"
NCT04622319,HR,"HR negative"
NCT04622319,HR,"HR positive"
NCT04622319,PgR,"PgR negative"
NCT04622319,PgR,"PgR positive"
NCT04632992,AKT,"AKT1 positive"
NCT04632992,AKT,"AKT2 positive"
NCT04632992,AKT,"AKT3 positive"
NCT04632992,ALK,"ALK positive"
NCT04632992,HER2,"HER2 positive"
NCT04632992,MSI-H,MSI-H
NCT04632992,MSI-H,"MSI-H positive"
NCT04632992,PIK3CA,"PIK3CA positive"
NCT04632992,PTEN,"PTEN positive"
NCT04632992,RET,"RET positive"
NCT04632992,ROS1,"ROS1 positive"
NCT04632992,ROS1,"ROS1 wildtype"
NCT04632992,TMB,TMB
NCT04632992,TMB,TMB-hi
NCT04639219,HER2,"HER2 assessment"
NCT04639219,HER2,"HER2 negative"
NCT04639219,HER2,"HER2 positive"
NCT04639986,HER2,"HER2 negative"
NCT04639986,HR,"HR positive"
NCT04644068,PSA,"PSA assessment"
NCT04644068,PSA,"PSA positive"
NCT04644237,ALK,"ALK wildtype"
NCT04644237,BRAF,"BRAF wildtype"
NCT04644237,EGFR,"EGFR wildtype"
NCT04644237,HER2,"HER2 assessment"
NCT04644237,HER2,"HER2 negative"
NCT04644237,HER2,"HER2 positive"
NCT04644237,RET,"RET negative"
NCT04644237,ROS1,"ROS1 wildtype"
NCT04647916,HER2,"HER2 assessment"
NCT04647916,HER2,"HER2 negative"
NCT04647916,HR,"HR assessment"
NCT04656652,ALK,"ALK assessment"
NCT04656652,ALK,"ALK wildtype"
NCT04656652,BRAF,"BRAF wildtype"
NCT04656652,EGFR,"EGFR assessment"
NCT04656652,EGFR,"EGFR positive"
NCT04656652,EGFR,"EGFR wildtype"
NCT04656652,NTRK,"NTRK negative"
NCT04656652,ROS1,"ROS1 positive"
NCT04659044,BCL,"BCL1 positive"
NCT04659044,BTK,"BTK positive"
NCT04659044,CD79,"CD79b positive"
NCT04659044,MRD,"MRD assessment"
NCT04662580,PSMA,"PSMA assessment"
NCT04662580,PSMA,"PSMA positive"
NCT04665765,CD20,"CD20 positive"
NCT04665765,CD79,"CD79b positive"
NCT04665765,ctDNA,"ctDNA assessment"
NCT04665765,TIL,"TIL positive"
NCT04665921,HER2,"HER2 negative"
NCT04676360,ALK,"ALK assessment"
NCT04676360,ALK,"ALK positive"
NCT04676360,ALK,"ALK wildtype"
NCT04676477,EGFR,"EGFR positive"
NCT04676477,EGFR,"EGFR wildtype"
NCT04676477,HER3,"HER3 positive"
NCT04680442,HER2,"HER2 assessment"
NCT04680442,HER2,"HER2 positive"
NCT04680468,MRD,"MRD assessment"
NCT04681131,PD-1,"PD-1 positive"
NCT04686305,ALK,"ALK wildtype"
NCT04686305,EGFR,"EGFR wildtype"
NCT04686305,HER2,"HER2 assessment"
NCT04686305,HER2,"HER2 positive"
NCT04686305,ROS1,"ROS1 wildtype"
NCT04686305,SRC,"SRC positive"
NCT04699630,ER,"ER negative"
NCT04699630,ER,"ER positive"
NCT04699630,HER2,"HER2 assessment"
NCT04699630,HER2,"HER2 negative"
NCT04699630,HER2,"HER2 positive"
NCT04699630,HER3,"HER3 assessment"
NCT04699630,HR,"HR positive"
NCT04699630,PgR,"PgR negative"
NCT04704661,ATM,"ATM positive"
NCT04704661,HER2,"HER2 assessment"
NCT04704661,HER2,"HER2 negative"
NCT04704661,HER2,"HER2 positive"
NCT04704661,p53,"p53 positive"
NCT04704661,RAS,"RAS positive"
NCT04704934,HER2,"HER2 assessment"
NCT04704934,HER2,"HER2 negative"
NCT04704934,HER2,"HER2 positive"
NCT04714190,HER2,"HER2 assessment"
NCT04714190,HER2,"HER2 positive"
NCT04721977,HER2,"HER2 negative"
NCT04721977,HER2,"HER2 positive"
NCT04733118,ER,"ER assessment"
NCT04733118,HER2,"HER2 assessment"
NCT04733118,HER2,"HER2 positive"
NCT04733118,PgR,"PgR assessment"
NCT04739761,HER2,"HER2 assessment"
NCT04739761,HER2,"HER2 negative"
NCT04739761,HER2,"HER2 positive"
NCT04739813,BCL,"BCL2 positive"
NCT04739813,BCL,"BCL6 positive"
NCT04739813,CD20,"CD20 positive"
NCT04739813,MYC,"MYC positive"
NCT04739813,UGT1A1,"UGT1A1 positive"
NCT04740918,HER2,"HER2 positive"
NCT04740918,PD-L1,"PD-L1 positive"
NCT04742153,HER2,"HER2 low"
NCT04742153,HER2,"HER2 negative"
NCT04742153,HER2,"HER2 positive"
NCT04744831,dMMR,"dMMR positive"
NCT04744831,EGFR,"EGFR assessment"
NCT04744831,HER2,"HER2 assessment"
NCT04744831,HER2,"HER2 negative"
NCT04744831,HER2,"HER2 positive"
NCT04744831,MSI-H,MSI-H
NCT04744831,MSI-H,"MSI-H positive"
NCT04744831,RAS,"RAS negative"
NCT04744831,TMB,TMB-hi
NCT04745949,CD30,"CD30 positive"
NCT04745949,TIL,"TIL positive"
NCT04747912,BCR-ABL,"BCR-ABL1 negative"
NCT04747912,BCR-ABL,"BCR-ABL1 positive"
NCT04747912,CD22,"CD22 positive"
NCT04778579,CD19,"CD19 positive"
NCT04778579,CD3,"CD3 negative"
NCT04778579,CD3,"CD3 positive"
NCT04784715,EGFR,"EGFR assessment"
NCT04784715,HER2,"HER2 assessment"
NCT04784715,HER2,"HER2 negative"
NCT04784715,HER2,"HER2 positive"
NCT04784715,HR,"HR negative"
NCT04784715,HR,"HR positive"
NCT04790903,CD20,"CD20 positive"
NCT04793919,MRD,"MRD positive"
NCT04795869,CD30,"CD30 positive"
NCT04802356,MRD,"MRD assessment"
NCT04805307,"Claudin 18.2","Claudin 18.2 assessment"
NCT04805307,"Claudin 18.2","Claudin 18.2 positive"
NCT04818333,HER2,"HER2 negative"
NCT04818333,HER2,"HER2 positive"
NCT04822337,MRD,"MRD assessment"
NCT04826107,HER2,"HER2 low"
NCT04826107,HER2,"HER2 positive"
NCT04826341,ATM,"ATM positive"
NCT04826341,BRCA,"BRCA positive"
NCT04826341,CDK12,"CDK12 positive"
NCT04826341,CHEK1,"CHEK1 positive"
NCT04828616,HER2,"HER2 low"
NCT04828616,HER2,"HER2 negative"
NCT04828616,HER2,"HER2 positive"
NCT04829604,HER2,"HER2 negative"
NCT04829604,HER2,"HER2 positive"
NCT04833114,BCL,"BCL2 positive"
NCT04833114,BCL,"BCL6 positive"
NCT04833114,CD20,"CD20 negative"
NCT04833114,MYC,"MYC positive"
NCT04837508,HER2,"HER2 positive"
NCT04838548,EGFR,"EGFR positive"
NCT04838964,EGFR,"EGFR positive"
NCT04839510,HER2,"HER2 positive"
NCT04844866,BCL,"BCL2 positive"
NCT04844866,BCL,"BCL6 positive"
NCT04844866,CD19,"CD19 assessment"
NCT04844866,CD20,"CD20 assessment"
NCT04844866,MYC,"MYC positive"
NCT04849910,CD33,"CD33 positive"
NCT04849910,HLA,"HLA positive"
NCT04849910,MRD,"MRD positive"
NCT04863885,LH,"LH positive"
NCT04873362,EGFR,"EGFR positive"
NCT04873362,HER2,"HER2 positive"
NCT04873362,PD-L1,"PD-L1 positive"
NCT04876248,MRD,"MRD assessment"
NCT04876248,MRD,"MRD positive"
NCT04879329,HER2,"HER2 assessment"
NCT04879329,HER2,"HER2 low"
NCT04879329,HER2,"HER2 negative"
NCT04879329,HER2,"HER2 positive"
NCT04893109,ER,"ER positive"
NCT04893109,HER2,"HER2 assessment"
NCT04893109,HER2,"HER2 positive"
NCT04893109,HR,"HR assessment"
NCT04914741,BCL,"BCL2 positive"
NCT04914741,BCL,"BCL6 positive"
NCT04914741,MYC,"MYC positive"
NCT04915612,CD33,"CD33 positive"
NCT04924699,HER2,"HER2 assessment"
NCT04924699,HER2,"HER2 negative"
NCT04924699,HER2,"HER2 positive"
NCT04925284,EGFR,"EGFR wildtype"
NCT04925284,HR,"HR negative"
NCT04928846,ALK,"ALK positive"
NCT04928846,EGFR,"EGFR assessment"
NCT04928846,EGFR,"EGFR wildtype"
NCT04928846,MET,"MET positive"
NCT04931342,AKT,"AKT1 positive"
NCT04931342,BRAF,"BRAF positive"
NCT04931342,ER,"ER assessment"
NCT04931342,ER,"ER positive"
NCT04931342,HER2,"HER2 positive"
NCT04931342,KRAS,"KRAS positive"
NCT04931342,"NF1 LOF","NF1 LOF positive"
NCT04931342,NRAS,"NRAS positive"
NCT04931342,PIK3CA,"PIK3CA positive"
NCT04931342,PTEN,"PTEN positive"
NCT04940325,ALK,"ALK positive"
NCT04940325,BRAF,"BRAF positive"
NCT04940325,EGFR,"EGFR positive"
NCT04940325,MET,"MET positive"
NCT04940325,NTRK,"NTRK positive"
NCT04940325,RET,"RET positive"
NCT04940325,ROS1,"ROS1 positive"
NCT04941339,HER2,"HER2 positive"
NCT04958785,PD-L1,"PD-L1 negative"
NCT04963153,ctDNA,"ctDNA assessment"
NCT04963153,ctDNA,"ctDNA negative"
NCT04963153,FGFR,"FGFR assessment"
NCT04963153,FGFR,"FGFR positive"
NCT04963153,FGFR,"FGFR2 positive"
NCT04963153,FGFR,"FGFR3 positive"
NCT04963153,PD-L1,"PD-L1 assessment"
NCT04963153,PSA,"PSA positive"
NCT04965519,BRCA,"BRCA positive"
NCT04965519,HER2,"HER2 assessment"
NCT04965519,HER2,"HER2 low"
NCT04965519,HER2,"HER2 negative"
NCT04965519,HER2,"HER2 positive"
NCT04965766,AKT,"AKT positive"
NCT04965766,HER2,"HER2 negative"
NCT04965766,HER3,"HER3 assessment"
NCT04965766,HER3,"HER3 positive"
NCT04965766,HR,"HR positive"
NCT04965766,mTor,"mTor positive"
NCT04965766,PI3k,"PI3k positive"
NCT04982224,MET,"MET positive"
NCT04983121,EGFR,"EGFR wildtype"
NCT04983121,HER2,"HER2 positive"
NCT04989816,HER2,"HER2 assessment"
NCT04989816,HER2,"HER2 negative"
NCT04989816,HER2,"HER2 positive"
NCT04998669,CD19,"CD19 positive"
NCT05001516,"Claudin 18.2","Claudin 18.2 positive"
NCT05001516,MSI-H,MSI-H
NCT05001516,MSI-H,"MSI-H positive"
NCT05006664,ALK,"ALK positive"
NCT05006664,CD30,"CD30 positive"
NCT05006794,ALK,"ALK positive"
NCT05006794,BRAF,"BRAF positive"
NCT05006794,EGFR,"EGFR positive"
NCT05006794,GS,"GS positive"
NCT05006794,ROS1,"ROS1 positive"
NCT05009966,"Claudin 18.2","Claudin 18.2 positive"
NCT05011188,PSA,"PSA positive"
NCT05016947,CD22,"CD22 positive"
NCT05016947,MRD,"MRD assessment"
NCT05016973,HER2,"HER2 positive"
NCT05018676,HER2,"HER2 assessment"
NCT05018676,HER2,"HER2 low"
NCT05018676,HER2,"HER2 negative"
NCT05018676,HER2,"HER2 positive"
NCT05018676,HR,"HR positive"
NCT05018702,EGFR,"EGFR wildtype"
NCT05018702,HER2,"HER2 positive"
NCT05029882,EGFR,"EGFR positive"
NCT05029882,EGFR,"EGFR wildtype"
NCT05029882,HER2,"HER2 assessment"
NCT05029882,MET,"MET positive"
NCT05034887,ctDNA,"ctDNA assessment"
NCT05034887,HER2,"HER2 low"
NCT05034887,HER2,"HER2 negative"
NCT05034887,HER2,"HER2 positive"
NCT05039073,CD30,"CD30 positive"
NCT05041257,BRCA,"BRCA assessment"
NCT05041257,BRCA,"BRCA positive"
NCT05041842,HER2,"HER2 positive"
NCT05043987,"Claudin 18.2","Claudin 18.2 positive"
NCT05048797,ALK,"ALK wildtype"
NCT05048797,ctDNA,"ctDNA negative"
NCT05048797,EGFR,"EGFR wildtype"
NCT05048797,HER2,"HER2 assessment"
NCT05048797,HER2,"HER2 negative"
NCT05048797,HER2,"HER2 positive"
NCT05060627,MRD,"MRD assessment"
NCT05060627,MRD,"MRD negative"
NCT05060627,MRD,"MRD positive"
NCT05061550,ALK,"ALK assessment"
NCT05061550,ALK,"ALK wildtype"
NCT05061550,ctDNA,"ctDNA assessment"
NCT05061550,EGFR,"EGFR assessment"
NCT05061550,EGFR,"EGFR wildtype"
NCT05061550,PD-L1,"PD-L1 assessment"
NCT05071053,CEA,"CEA positive"
NCT05089734,ALK,"ALK assessment"
NCT05089734,ALK,"ALK positive"
NCT05089734,EGFR,"EGFR assessment"
NCT05089734,EGFR,"EGFR positive"
NCT05089734,PD-L1,"PD-L1 assessment"
NCT05091372,MRD,"MRD negative"
NCT05091372,MRD,"MRD positive"
NCT05097599,ALK,"ALK positive"
NCT05097599,BRAF,"BRAF positive"
NCT05097599,BRCA,"BRCA positive"
NCT05097599,BRCA,"BRCA1 positive"
NCT05097599,BRCA,"BRCA2 positive"
NCT05097599,ctDNA,"ctDNA assessment"
NCT05097599,EGFR,"EGFR wildtype"
NCT05097599,HER2,"HER2 assessment"
NCT05097599,HER2,"HER2 positive"
NCT05097599,PALB2,"PALB2 positive"
NCT05097599,ROS1,"ROS1 positive"
NCT05101096,EGFR,"EGFR wildtype"
NCT05101096,UGT1A1,"UGT1A1 positive"
NCT05104866,ER,"ER negative"
NCT05104866,ER,"ER positive"
NCT05104866,HER2,"HER2 assessment"
NCT05104866,HER2,"HER2 negative"
NCT05104866,HR,"HR positive"
NCT05104866,PgR,"PgR negative"
NCT05104866,PgR,"PgR positive"
NCT05113251,ctDNA,"ctDNA negative"
NCT05113251,HER2,"HER2 assessment"
NCT05113251,HER2,"HER2 positive"
NCT05113459,HER2,"HER2 assessment"
NCT05113459,HER2,"HER2 positive"
NCT05113459,PD-1,"PD-1 positive"
NCT05113966,BRCA,"BRCA positive"
NCT05113966,BRCA,"BRCA1 positive"
NCT05113966,BRCA,"BRCA2 positive"
NCT05115500,HER2,"HER2 positive"
NCT05115500,IL-2,"IL-2 positive"
NCT05115500,PD-1,"PD-1 positive"
NCT05117242,ALK,"ALK wildtype"
NCT05117242,EGFR,"EGFR wildtype"
NCT05117242,PD-L1,"PD-L1 positive"
NCT05117242,ROS1,"ROS1 wildtype"
NCT05119907,ALK,"ALK positive"
NCT05119907,BRAF,"BRAF positive"
NCT05119907,EGFR,"EGFR positive"
NCT05119907,MET,"MET positive"
NCT05119907,ROS1,"ROS1 wildtype"
NCT05126433,HER2,"HER2 negative"
NCT05126433,HR,"HR negative"
NCT05126433,HR,"HR positive"
NCT05126433,HRD,"HRD Positive"
NCT05134519,HER2,"HER2 positive"
NCT05135715,HER2,"HER2 positive"
NCT05141747,HER2,"HER2 low"
NCT05141747,HER2,"HER2 positive"
NCT05141786,HER2,"HER2 positive"
NCT05143229,HER2,"HER2 negative"
NCT05150691,HER2,"HER2 assessment"
NCT05150691,HER2,"HER2 negative"
NCT05150691,HER2,"HER2 positive"
NCT05155839,CD20,"CD20 positive"
NCT05169658,CD3,"CD3 negative"
NCT05171647,CD20,"CD20 positive"
NCT05182866,EGFR,"EGFR wildtype"
NCT05183035,CD33,"CD33 positive"
NCT05183035,MRD,"MRD assessment"
NCT05188209,EGFR,"EGFR positive"
NCT05188209,HER2,"HER2 negative"
NCT05190705,NULL,NULL
NCT05190705,CXCR4,"CXCR4 assessment"
NCT05190705,CXCR4,"CXCR4 negative"
NCT05190705,MYD88,"MYD88 assessment"
NCT05194072,HER2,"HER2 negative"
NCT05194072,HR,"HR positive"
NCT05199051,CD33,"CD33 positive"
NCT05199051,FLT3,"FLT3 assessment"
NCT05199051,FLT3,"FLT3 positive"
NCT05199051,NPM1,"NPM1 positive"
NCT05205850,"Claudin 18.2","Claudin 18.2 positive"
NCT05208307,MRD,"MRD assessment"
NCT05208762,PD-L1,"PD-L1 positive"
NCT05215340,ALK,"ALK wildtype"
NCT05215340,EGFR,"EGFR wildtype"
NCT05215340,PD-L1,"PD-L1 positive"
NCT05215340,ROS1,"ROS1 wildtype"
NCT05222438,BCL,"BCL2 positive"
NCT05222438,BCL,"BCL6 positive"
NCT05222438,CD19,"CD19 positive"
NCT05222438,MYC,"MYC positive"
NCT05238831,BRCA,"BRCA positive"
NCT05238831,BRCA,"BRCA wildtype"
NCT05238831,EGFR,"EGFR assessment"
NCT05238831,HER2,"HER2 positive"
NCT05241899,HER2,"HER2 positive"
NCT05243693,CD30,"CD30 positive"
NCT05246514,HER2,"HER2 assessment"
NCT05246514,HER2,"HER2 negative"
NCT05246514,HER2,"HER2 positive"
NCT05249959,BTK,"BTK positive"
NCT05249959,CD19,"CD19 positive"
NCT05249959,MRD,"MRD negative"
NCT05253495,LDH,"LDH positive"
NCT05260957,ALK,"ALK wildtype"
NCT05260957,CD19,"CD19 positive"
NCT05260957,MRD,"MRD assessment"
NCT05260957,MRD,"MRD negative"
NCT05263869,HER2,"HER2 assessment"
NCT05263869,HER2,"HER2 positive"
NCT05270057,BCL,"BCL2 positive"
NCT05270057,CD19,"CD19 positive"
NCT05270057,MYC,"MYC positive"
NCT05274048,HER2,"HER2 assessment"
NCT05274048,HER2,"HER2 negative"
NCT05274048,HER2,"HER2 positive"
NCT05280275,MRD,"MRD assessment"
NCT05283720,BCL,"BCL1 positive"
NCT05283720,BCL,"BCL2 positive"
NCT05283720,BCL,"BCL6 positive"
NCT05283720,CD20,"CD20 positive"
NCT05283720,MRD,"MRD negative"
NCT05283720,MYC,"MYC positive"
NCT05297552,HER2,"HER2 positive"
NCT05302284,HER2,"HER2 assessment"
NCT05302284,HER2,"HER2 positive"
NCT05303792,CD20,"CD20 assessment"
NCT05303792,CD20,"CD20 positive"
NCT05303792,CD22,"CD22 positive"
NCT05303792,MRD,"MRD negative"
NCT05311397,HER2,"HER2 positive"
NCT05313243,CD30,"CD30 positive"
NCT05313906,HER2,"HER2 positive"
NCT05316246,CD30,"CD30 positive"
NCT05323045,MET,"MET positive"
NCT05323955,EGFR,"EGFR wildtype"
NCT05323955,HER2,"HER2 assessment"
NCT05323955,HER2,"HER2 negative"
NCT05323955,HER2,"HER2 positive"
NCT05323955,HR,"HR positive"
NCT05329545,BRCA,"BRCA positive"
NCT05329545,BRCA,"BRCA wildtype"
NCT05331326,EGFR,"EGFR positive"
NCT05331326,HER2,"HER2 assessment"
NCT05331326,HER2,"HER2 low"
NCT05331326,HER2,"HER2 negative"
NCT05331326,HER2,"HER2 positive"
NCT05331326,mTor,"mTor positive"
NCT05331326,PI3k,"PI3k positive"
NCT05332561,BRCA,"BRCA positive"
NCT05332561,BRCA,"BRCA wildtype"
NCT05332561,MSI-H,MSI-H
NCT05332561,PALB2,"PALB2 positive"
NCT05332561,TMB,TMB-hi
NCT05332561,TMB,TMB-lo
NCT05333809,BRAF,"BRAF positive"
NCT05333809,BRAF,"BRAF wildtype"
NCT05333809,HER2,"HER2 assessment"
NCT05333809,HER2,"HER2 negative"
NCT05333809,HER2,"HER2 positive"
NCT05333809,KRAS,"KRAS positive"
NCT05333809,KRAS,"KRAS wildtype"
NCT05334810,HER2,"HER2 assessment"
NCT05334810,HER2,"HER2 positive"
NCT05338957,HER2,"HER2 assessment"
NCT05338957,HER2,"HER2 positive"
NCT05338970,EGFR,"EGFR positive"
NCT05346328,HER2,"HER2 assessment"
NCT05346328,HER2,"HER2 positive"
NCT05347134,BRCA,"BRCA positive"
NCT05347134,BRCA,"BRCA1 positive"
NCT05347134,BRCA,"BRCA2 positive"
NCT05347134,EGFR,"EGFR positive"
NCT05347134,HR,"HR negative"
NCT05349409,HER2,"HER2 positive"
NCT05350917,HER2,"HER2 assessment"
NCT05350917,HER2,"HER2 positive"
NCT05351788,ALK,"ALK wildtype"
NCT05351788,EGFR,"EGFR positive"
NCT05351788,EGFR,"EGFR wildtype"
NCT05353361,HER2,"HER2 positive"
NCT05356351,HER2,"HER2 negative"
NCT05356351,HER2,"HER2 positive"
NCT05365659,CD19,"CD19 positive"
NCT05367635,"Claudin 18.2","Claudin 18.2 positive"
NCT05372614,EGFR,"EGFR positive"
NCT05372614,HER2,"HER2 assessment"
NCT05372614,HER2,"HER2 negative"
NCT05372614,HER2,"HER2 positive"
NCT05374512,PD-L1,"PD-L1 negative"
NCT05374512,PD-L1,"PD-L1 positive"
NCT05382286,PD-L1,"PD-L1 positive"
NCT05382299,PD-L1,"PD-L1 assessment"
NCT05382299,PD-L1,"PD-L1 negative"
NCT05382299,PD-L1,"PD-L1 positive"
NCT05388149,ctDNA,"ctDNA negative"
NCT05388149,ER,"ER positive"
NCT05388149,HER2,"HER2 positive"
NCT05388149,MRD,"MRD positive"
NCT05388500,EGFR,"EGFR assessment"
NCT05388500,HER2,"HER2 positive"
NCT05389462,AXL,"AXL positive"
NCT05395533,CD20,"CD20 positive"
NCT05403242,HER2,"HER2 assessment"
NCT05403242,HER2,"HER2 positive"
NCT05408845,ctDNA,"ctDNA negative"
NCT05408845,HER2,"HER2 positive"
NCT05414500,CD30,"CD30 positive"
NCT05415215,EGFR,"EGFR wildtype"
NCT05415215,HER2,"HER2 assessment"
NCT05415215,HER2,"HER2 negative"
NCT05415215,HER2,"HER2 positive"
NCT05415215,HR,"HR assessment"
NCT05417230,ctDNA,"ctDNA negative"
NCT05417230,HER2,"HER2 assessment"
NCT05417230,HER2,"HER2 positive"
NCT05424835,HER2,"HER2 positive"
NCT05426486,HER2,"HER2 assessment"
NCT05426486,HER2,"HER2 positive"
NCT05429684,ctDNA,"ctDNA assessment"
NCT05429684,HER2,"HER2 low"
NCT05429684,HER2,"HER2 positive"
NCT05429684,p53,"p53 positive"
NCT05429684,PD-L1,"PD-L1 positive"
NCT05429684,PTEN,"PTEN positive"
NCT05429684,TMB,TMB-hi
NCT05429762,CEA,"CEA positive"
NCT05438329,ALK,"ALK wildtype"
NCT05438329,EGFR,"EGFR wildtype"
NCT05438329,HER2,"HER2 negative"
NCT05438329,HR,"HR positive"
NCT05445778,BRCA,"BRCA assessment"
NCT05445778,BRCA,"BRCA positive"
NCT05453396,CD19,"CD19 positive"
NCT05456685,BRCA,"BRCA assessment"
NCT05456685,BRCA,"BRCA positive"
NCT05456698,MRD,"MRD assessment"
NCT05456698,MRD,"MRD positive"
NCT05458219,"Claudin 18.2","Claudin 18.2 positive"
NCT05458674,HER2,"HER2 assessment"
NCT05458674,HER2,"HER2 positive"
NCT05460273,ALK,"ALK wildtype"
NCT05460273,EGFR,"EGFR wildtype"
NCT05460273,HER2,"HER2 negative"
NCT05460273,HR,"HR negative"
NCT05460273,ROS1,"ROS1 wildtype"
NCT05461768,HER2,"HER2 low"
NCT05461768,HER2,"HER2 positive"
NCT05464030,MSI-H,MSI-H
NCT05464719,PgR,"PgR positive"
NCT05480384,ctDNA,"ctDNA negative"
NCT05480384,HER2,"HER2 positive"
NCT05482568,HER2,"HER2 assessment"
NCT05482568,HER2,"HER2 positive"
NCT05489211,PSA,"PSA assessment"
NCT05493683,HER2,"HER2 positive"
NCT05494918,HER2,"HER2 positive"
NCT05495724,HER2,"HER2 positive"
NCT05495724,PD-1,"PD-1 assessment"
NCT05508334,Mesothelin,"Mesothelin positive"
NCT05513703,ALK,"ALK wildtype"
NCT05513703,EGFR,"EGFR wildtype"
NCT05513703,MET,"MET positive"
NCT05513703,ROS1,"ROS1 wildtype"
NCT05514158,HER2,"HER2 assessment"
NCT05514158,HER2,"HER2 positive"
NCT05520723,HER2,"HER2 negative"
NCT05520723,HR,"HR negative"
NCT05525286,HER2,"HER2 negative"
NCT05525286,HER2,"HER2 positive"
NCT05530057,HER2,"HER2 positive"
NCT05540483,HER2,"HER2 assessment"
NCT05540483,HER2,"HER2 positive"
NCT05547321,SRC,"SRC positive"
NCT05551117,BRCA,"BRCA wildtype"
NCT05552001,BRCA,"BRCA positive"
NCT05555732,ALK,"ALK wildtype"
NCT05555732,BRAF,"BRAF wildtype"
NCT05555732,EGFR,"EGFR wildtype"
NCT05555732,PD-L1,"PD-L1 assessment"
NCT05555732,ROS1,"ROS1 wildtype"
NCT05556798,CD138,"CD138 assessment"
NCT05558124,NPM1,"NPM1 positive"
NCT05560308,HER2,"HER2 positive"
NCT05564858,HER2,"HER2 positive"
NCT05569811,ER,"ER positive"
NCT05569811,HER2,"HER2 negative"
NCT05569811,HR,"HR positive"
NCT05569811,Ki67,"Ki67 assessment"
NCT05569811,TIL,"TIL assessment"
NCT05573802,MRD,"MRD assessment"
NCT05575804,HER2,"HER2 positive"
NCT05578287,HER2,"HER2 positive"
NCT05581875,MRD,"MRD assessment"
NCT05582499,AR,"AR positive"
NCT05582499,HER2,"HER2 low"
NCT05584709,MSI-L,MSS
NCT05586061,EGFR,"EGFR positive"
NCT05586061,HER2,"HER2 positive"
NCT05593094,EGFR,"EGFR assessment"
NCT05593094,HER2,"HER2 positive"
NCT05594095,AKT,"AKT positive"
NCT05594095,BRCA,"BRCA positive"
NCT05594095,CD8,"CD8 positive"
NCT05594095,CDK4,"CDK4 positive"
NCT05594095,HER2,"HER2 low"
NCT05594095,HER2,"HER2 negative"
NCT05594095,HR,"HR positive"
NCT05594095,PALB2,"PALB2 positive"
NCT05594095,PIK3CA,"PIK3CA positive"
NCT05595447,LH,"LH positive"
NCT05595447,PD-1,"PD-1 positive"
NCT05599360,FLT3,"FLT3 negative"
NCT05600686,BCL,"BCL2 positive"
NCT05600686,BCL,"BCL6 positive"
NCT05600686,MYC,"MYC positive"
NCT05601401,HER2,"HER2 assessment"
NCT05601401,HER2,"HER2 low"
NCT05601401,HER2,"HER2 negative"
NCT05601401,HER2,"HER2 positive"
NCT05609968,PD-L1,"PD-L1 positive"
NCT05615636,CD20,"CD20 positive"
NCT05620914,ER,"ER negative"
NCT05620914,ER,"ER positive"
NCT05620914,HER2,"HER2 negative"
NCT05620914,HER2,"HER2 positive"
NCT05620914,HER3,"HER3 positive"
NCT05620914,PgR,"PgR negative"
NCT05620914,PgR,"PgR positive"
NCT05627414,HER2,"HER2 assessment"
NCT05627414,HER2,"HER2 positive"
NCT05627960,BRCA,"BRCA positive"
NCT05627960,BRCA,"BRCA wildtype"
NCT05627960,PIK3CA,"PIK3CA positive"
NCT05628857,MET,"MET positive"
NCT05629585,BRCA,"BRCA wildtype"
NCT05631964,HER2,"HER2 negative"
NCT05631964,HER2,"HER2 positive"
NCT05633615,CD3,"CD3 negative"
NCT05633615,PgR,"PgR positive"
NCT05633654,BRCA,"BRCA wildtype"
NCT05633667,ALK,"ALK positive"
NCT05633667,ALK,"ALK wildtype"
NCT05633667,EGFR,"EGFR positive"
NCT05633667,EGFR,"EGFR wildtype"
NCT05633667,PD-L1,"PD-L1 assessment"
NCT05633979,HER2,"HER2 assessment"
NCT05633979,HER2,"HER2 low"
NCT05633979,HR,"HR positive"
NCT05635487,HER2,"HER2 assessment"
NCT05635487,HER2,"HER2 negative"
NCT05635487,HER2,"HER2 positive"
NCT05636215,HER2,"HER2 positive"
NCT05645718,CD19,"CD19 positive"
NCT05645718,CD22,"CD22 positive"
NCT05645718,MRD,"MRD assessment"
NCT05645718,PgR,"PgR positive"
NCT05650879,ALK,"ALK wildtype"
NCT05650879,BRAF,"BRAF wildtype"
NCT05650879,ctDNA,"ctDNA positive"
NCT05650879,EGFR,"EGFR wildtype"
NCT05650879,HER2,"HER2 assessment"
NCT05650879,HER2,"HER2 negative"
NCT05650879,HER2,"HER2 positive"
NCT05650879,ROS1,"ROS1 wildtype"
NCT05652855,MSI-H,MSI-H
NCT05652855,MSI-H,"MSI-H positive"
NCT05652868,EGFR,"EGFR positive"
NCT05652868,EGFR,"EGFR wildtype"
NCT05652868,MET,"MET positive"
NCT05653752,EGFR,"EGFR positive"
NCT05653752,HER2,"HER2 negative"
NCT05653752,HR,"HR positive"
NCT05656235,FGFR,"FGFR assessment"
NCT05658562,BCL,"BCL2 positive"
NCT05658562,BCL,"BCL6 positive"
NCT05658562,MYC,"MYC positive"
NCT05662904,CD33,"CD33 positive"
NCT05671822,HER2,"HER2 assessment"
NCT05671822,HER2,"HER2 negative"
NCT05671822,HER2,"HER2 positive"
NCT05672251,CD20,"CD20 assessment"
NCT05672251,CD20,"CD20 positive"
NCT05672251,CD3,"CD3 negative"
NCT05672251,TIL,"TIL positive"
NCT05673785,ALK,"ALK positive"
NCT05673785,ALK,"ALK wildtype"
NCT05673785,CD30,"CD30 positive"
NCT05673928,HER2,"HER2 assessment"
NCT05673928,HER2,"HER2 negative"
NCT05673928,HER2,"HER2 positive"
NCT05675410,CD30,"CD30 positive"
NCT05678205,HER2,"HER2 assessment"
NCT05678205,HER2,"HER2 negative"
NCT05678205,HER2,"HER2 positive"
NCT05687266,ALK,"ALK wildtype"
NCT05687266,BRAF,"BRAF wildtype"
NCT05687266,EGFR,"EGFR wildtype"
NCT05687266,MET,"MET negative"
NCT05687266,RET,"RET negative"
NCT05687266,ROS1,"ROS1 wildtype"
NCT05688605,EGFR,"EGFR assessment"
NCT05688605,EGFR,"EGFR positive"
NCT05703555,ALK,"ALK wildtype"
NCT05703555,CEA,"CEA positive"
NCT05703555,EGFR,"EGFR wildtype"
NCT05703555,ER,"ER positive"
NCT05703555,ROS1,"ROS1 wildtype"
NCT05703555,TIL,"TIL assessment"
NCT05704829,HER2,"HER2 assessment"
NCT05704829,HER2,"HER2 low"
NCT05704829,HER2,"HER2 positive"
NCT05710666,ctDNA,"ctDNA assessment"
NCT05710666,HER2,"HER2 assessment"
NCT05710666,HER2,"HER2 negative"
NCT05710666,HER2,"HER2 positive"
NCT05710666,LH,"LH positive"
NCT05718895,"Claudin 18.2","Claudin 18.2 positive"
NCT05720117,HR,"HR positive"
NCT05720117,TS,"TS positive"
NCT05720533,HER2,"HER2 assessment"
NCT05720533,HER2,"HER2 negative"
NCT05720533,HER2,"HER2 positive"
NCT05726175,HER2,"HER2 low"
NCT05726175,HER2,"HER2 negative"
NCT05726175,HER2,"HER2 positive"
NCT05735496,HER2,"HER2 positive"
NCT05744375,HER2,"HER2 assessment"
NCT05744375,HER2,"HER2 negative"
NCT05744375,HER2,"HER2 positive"
NCT05744375,HR,"HR negative"
NCT05744375,HR,"HR positive"
NCT05744427,HER2,"HER2 assessment"
NCT05744427,HER2,"HER2 low"
NCT05744427,HER2,"HER2 negative"
NCT05744427,HER2,"HER2 positive"
NCT05744427,HR,"HR positive"
NCT05745740,ALK,"ALK wildtype"
NCT05745740,EGFR,"EGFR wildtype"
NCT05745740,HER2,"HER2 positive"
NCT05745740,ROS1,"ROS1 wildtype"
NCT05748171,CD22,"CD22 positive"
NCT05748171,MRD,"MRD assessment"
NCT05748171,MRD,"MRD negative"
NCT05748171,p53,"p53 positive"
NCT05754853,HER2,"HER2 assessment"
NCT05754853,HER2,"HER2 positive"
NCT05755048,HER2,"HER2 assessment"
NCT05755048,HER2,"HER2 negative"
NCT05755048,HER2,"HER2 positive"
NCT05765851,HER2,"HER2 assessment"
NCT05765851,HER2,"HER2 low"
NCT05765851,HER2,"HER2 positive"
NCT05765851,HR,"HR negative"
NCT05765851,HR,"HR positive"
NCT05769010,HER2,"HER2 assessment"
NCT05769010,HER2,"HER2 negative"
NCT05769010,HER2,"HER2 positive"
NCT05770531,ctDNA,"ctDNA assessment"
NCT05770531,ctDNA,"ctDNA negative"
NCT05770531,ctDNA,"ctDNA positive"
NCT05770531,HR,"HR negative"
NCT05785325,HER2,"HER2 assessment"
NCT05785325,HER2,"HER2 low"
NCT05785325,HER2,"HER2 negative"
NCT05785325,HER2,"HER2 positive"
NCT05785728,PD-L1,"PD-L1 positive"
NCT05785741,EGFR,"EGFR positive"
NCT05785741,EGFR,"EGFR wildtype"
NCT05785741,HER2,"HER2 positive"
NCT05785741,HER3,"HER3 assessment"
NCT05789303,MRD,"MRD assessment"
NCT05792410,HER2,"HER2 assessment"
NCT05792410,HER2,"HER2 low"
NCT05795101,HER2,"HER2 assessment"
NCT05795101,HER2,"HER2 low"
NCT05795101,HER2,"HER2 positive"
NCT05797168,ctDNA,"ctDNA assessment"
NCT05798156,MRD,"MRD assessment"
NCT05798156,MRD,"MRD negative"
NCT05800366,ALK,"ALK positive"
NCT05800366,CD20,"CD20 positive"
NCT05800366,ctDNA,"ctDNA assessment"
NCT05800366,HHV8,"HHV8 positive"
NCT05800366,MYC,"MYC positive"
NCT05804526,Mesothelin,"Mesothelin positive"
NCT05810103,HER2,"HER2 assessment"
NCT05810103,HER2,"HER2 negative"
NCT05810103,HER2,"HER2 positive"
NCT05814354,HER2,"HER2 low"
NCT05814354,HR,"HR positive"
NCT05816252,ALK,"ALK positive"
NCT05816252,ALK,"ALK wildtype"
NCT05816252,EGFR,"EGFR assessment"
NCT05816252,EGFR,"EGFR positive"
NCT05816252,EGFR,"EGFR wildtype"
NCT05816252,PD-L1,"PD-L1 negative"
NCT05821933,EGFR,"EGFR assessment"
NCT05821933,EGFR,"EGFR positive"
NCT05821933,MET,"MET assessment"
NCT05821933,MET,"MET positive"
NCT05821933,PD-L1,"PD-L1 assessment"
NCT05824325,HER2,"HER2 assessment"
NCT05824325,HER2,"HER2 negative"
NCT05824325,HER2,"HER2 positive"
NCT05824325,HR,"HR positive"
NCT05834764,HER2,"HER2 assessment"
NCT05834764,HER2,"HER2 positive"
NCT05840211,HER2,"HER2 assessment"
NCT05840211,HER2,"HER2 low"
NCT05840211,HER2,"HER2 negative"
NCT05840211,HR,"HR positive"
NCT05840211,PIK3CA,"PIK3CA positive"
NCT05845138,ctDNA,"ctDNA negative"
NCT05845138,HER2,"HER2 low"
NCT05845450,BRAF,"BRAF positive"
NCT05845450,BRAF,"BRAF wildtype"
NCT05845450,CD8,"CD8 positive"
NCT05845450,ctDNA,"ctDNA assessment"
NCT05845450,EGFR,"EGFR assessment"
NCT05845450,EGFR,"EGFR wildtype"
NCT05845450,HER2,"HER2 assessment"
NCT05845450,HER2,"HER2 negative"
NCT05845450,HER2,"HER2 positive"
NCT05845450,MSI-H,MSI-H
NCT05845450,MSI-H,"MSI-H assessment"
NCT05845450,MSI-H,"MSI-H positive"
NCT05845450,MSI-L,MSS
NCT05845450,POLD1,"POLD1 positive"
NCT05845450,RAS,"RAS negative"
NCT05845450,RAS,"RAS positive"
NCT05847569,MRD,"MRD assessment"
NCT05847764,EGFR,"EGFR positive"
NCT05847764,HER2,"HER2 assessment"
NCT05847764,HER2,"HER2 negative"
NCT05847764,HER2,"HER2 positive"
NCT05848466,HER2,"HER2 positive"
NCT05849246,ALK,"ALK wildtype"
NCT05849246,BRAF,"BRAF wildtype"
NCT05849246,CEA,"CEA positive"
NCT05849246,EGFR,"EGFR wildtype"
NCT05849246,ROS1,"ROS1 wildtype"
NCT05853965,MRD,"MRD negative"
NCT05865990,EGFR,"EGFR positive"
NCT05865990,HER2,"HER2 positive"
NCT05865990,HER3,"HER3 assessment"
NCT05866432,HER2,"HER2 negative"
NCT05866432,HR,"HR negative"
NCT05868226,HER2,"HER2 low"
NCT05870319,EGFR,"EGFR assessment"
NCT05870319,EGFR,"EGFR positive"
NCT05870319,EGFR,"EGFR wildtype"
NCT05872295,CDK4,"CDK4 positive"
NCT05872295,HER2,"HER2 assessment"
NCT05872295,HER2,"HER2 low"
NCT05872295,HER2,"HER2 negative"
NCT05872295,HER2,"HER2 positive"
NCT05872295,HR,"HR positive"
NCT05884320,HER2,"HER2 assessment"
NCT05884320,HER2,"HER2 positive"
NCT05887609,BRCA,"BRCA positive"
NCT05887609,BRCA,"BRCA wildtype"
NCT05894824,HER2,"HER2 low"
NCT05894824,HER2,"HER2 negative"
NCT05894824,HER2,"HER2 positive"
NCT05898373,HER2,"HER2 assessment"
NCT05898373,HER2,"HER2 negative"
NCT05898373,HER2,"HER2 positive"
NCT05898373,TIL,"TIL positive"
NCT05900206,ER,"ER negative"
NCT05900206,HER2,"HER2 assessment"
NCT05900206,HER2,"HER2 negative"
NCT05900206,HER2,"HER2 positive"
NCT05900206,HR,"HR negative"
NCT05900206,HR,"HR positive"
NCT05901935,HER2,"HER2 assessment"
NCT05901935,HER2,"HER2 positive"
NCT05904106,CD33,"CD33 positive"
NCT05904106,MRD,"MRD negative"
NCT05904106,NPM1,"NPM1 positive"
NCT05904964,HER2,"HER2 assessment"
NCT05904964,HER2,"HER2 low"
NCT05904964,HER2,"HER2 negative"
NCT05904964,HER2,"HER2 positive"
NCT05904964,HR,"HR positive"
NCT05904964,Ki67,"Ki67 assessment"
NCT05911295,HER2,"HER2 assessment"
NCT05911295,HER2,"HER2 positive"
NCT05911958,HER2,"HER2 assessment"
NCT05911958,HER2,"HER2 low"
NCT05911958,HER2,"HER2 negative"
NCT05911958,HER2,"HER2 positive"
NCT05911958,HR,"HR positive"
NCT05912205,HER2,"HER2 negative"
NCT05912205,HER2,"HER2 positive"
NCT05912816,HER2,"HER2 assessment"
NCT05912816,HER2,"HER2 positive"
NCT05914116,ALK,"ALK positive"
NCT05914116,B7-H3,"B7-H3 assessment"
NCT05914116,BRAF,"BRAF positive"
NCT05914116,EGFR,"EGFR positive"
NCT05914116,KRAS,"KRAS positive"
NCT05914116,NTRK,"NTRK1 positive"
NCT05914116,NTRK,"NTRK2 positive"
NCT05914116,NTRK,"NTRK3 positive"
NCT05914116,ROS1,"ROS1 positive"
NCT05919212,ctDNA,"ctDNA assessment"
NCT05919212,EGFR,"EGFR positive"
NCT05919212,HER2,"HER2 assessment"
NCT05919212,HER2,"HER2 negative"
NCT05919212,HER2,"HER2 positive"
NCT05919212,HR,"HR positive"
NCT05919212,PIK3CA,"PIK3CA positive"
NCT05919212,PTEN,"PTEN positive"
NCT05924256,AR,"AR negative"
NCT05924256,AR,"AR positive"
NCT05924256,ctDNA,"ctDNA negative"
NCT05924256,HER2,"HER2 negative"
NCT05924256,HER2,"HER2 positive"
NCT05928897,HER2,"HER2 negative"
NCT05928897,HER2,"HER2 positive"
NCT05930951,CD8,"CD8 positive"
NCT05930951,PD-L2,"PD-L2 positive"
NCT05934331,PD-L1,"PD-L1 positive"
NCT05940896,HER2,"HER2 assessment"
NCT05940896,HER2,"HER2 positive"
NCT05940961,CD22,"CD22 positive"
NCT05940961,MRD,"MRD assessment"
NCT05940961,MRD,"MRD negative"
NCT05940961,MRD,"MRD positive"
NCT05943379,HER2,"HER2 assessment"
NCT05943379,HER2,"HER2 positive"
NCT05947344,FLT3,"FLT3 positive"
NCT05948865,EGFR,"EGFR assessment"
NCT05948865,EGFR,"EGFR positive"
NCT05948865,KRAS,"KRAS wildtype"
NCT05950945,CDK4,"CDK4 positive"
NCT05950945,EGFR,"EGFR wildtype"
NCT05950945,HER2,"HER2 low"
NCT05950945,HR,"HR negative"
NCT05950945,HR,"HR positive"
NCT05953168,HER2,"HER2 low"
NCT05954143,HER2,"HER2 assessment"
NCT05954143,HER2,"HER2 positive"
NCT05955209,HER2,"HER2 assessment"
NCT05955209,HER2,"HER2 negative"
NCT05955209,HER2,"HER2 positive"
NCT05955209,PSA,"PSA assessment"
NCT05955209,PSA,"PSA positive"
NCT05955261,FLT3,"FLT3 positive"
NCT05955261,MRD,"MRD assessment"
NCT05955261,MRD,"MRD negative"
NCT05957757,HER2,"HER2 positive"
NCT05971251,CD19,"CD19 positive"
NCT05971251,CD2,"CD2 negative"
NCT05971251,CD20,"CD20 positive"
NCT05971251,CD23,"CD23 positive"
NCT05971251,CD3,"CD3 negative"
NCT05971251,CD5,"CD5 negative"
NCT05979740,HER2,"HER2 negative"
NCT05979740,HER2,"HER2 positive"
NCT05979740,PD-1,"PD-1 positive"
NCT05980481,EGFR,"EGFR wildtype"
NCT05980481,HER2,"HER2 assessment"
NCT05980481,HER2,"HER2 low"
NCT05980481,HER2,"HER2 negative"
NCT05980481,HER2,"HER2 positive"
NCT05982678,ctDNA,"ctDNA assessment"
NCT05982678,ER,"ER positive"
NCT05982678,HER2,"HER2 negative"
NCT05982678,HER2,"HER2 positive"
NCT05982834,HER2,"HER2 assessment"
NCT05982834,HER2,"HER2 negative"
NCT05982834,HER2,"HER2 positive"
NCT05994001,"Claudin 18.2","Claudin 18.2 positive"
NCT05994001,PD-1,"PD-1 positive"
NCT05996952,HER2,"HER2 assessment"
NCT05996952,HER2,"HER2 positive"
NCT06000033,HER2,"HER2 negative"
NCT06000033,HER2,"HER2 positive"
NCT06000033,HR,"HR negative"
NCT06001255,BRCA,"BRCA wildtype"
NCT06003231,HER2,"HER2 assessment"
NCT06003231,HER2,"HER2 negative"
NCT06003231,HER2,"HER2 positive"
NCT06008054,HER2,"HER2 negative"
NCT06008054,HER2,"HER2 positive"
NCT06008054,RAS,"RAS assessment"
NCT06014658,HER2,"HER2 negative"
NCT06014658,HR,"HR positive"
NCT06015048,HER2,"HER2 positive"
NCT06015880,CD3,"CD3 negative"
NCT06015880,CD3,"CD3 positive"
NCT06015880,CD79,"CD79b assessment"
NCT06015880,CD79,"CD79b positive"
NCT06018337,HER2,"HER2 assessment"
NCT06018337,HER2,"HER2 low"
NCT06018337,HR,"HR positive"
PACTR202201721209443,HER2,"HER2 positive"
PACTR202201721209443,PD-L1,"PD-L1 positive"
PER-067-21,ER,"ER negative"
PER-067-21,HER2,"HER2 positive"
PER-067-21,HR,"HR negative"
PER-067-21,HR,"HR positive"
PER-067-21,PgR,"PgR negative"
PER-070-21,CD20,"CD20 positive"
PER-082-14,HER2,"HER2 positive"
